이름,관리수준,관리요구도,광요구도,배치장소,생장속도,생육적온,겨울최저온도,습도,비료,토양,물주기-봄,물주기-여름,물주기-가을,물주기-겨울,병충해
가울테리아,경험자,낮음 (잘 견딤),"중간 광도(800~1,500 Lux),높은 광도(1,500~10,000 Lux)","거실 창측 (실내깊이 150~300cm)
발코니 내측 (실내깊이 50~150cm)
발코니 창측 (실내깊이 0~50cm)",느림,16~20℃,0℃ 이하,40 ~ 70%,비료를 보통 요구함,"토양 : 중성,산성 / 배수 잘 됨 (Loam,Sand)",토양 표면이 말랐을때 충분히 관수함,토양 표면이 말랐을때 충분히 관수함,토양 표면이 말랐을때 충분히 관수함,화분 흙 대부분 말랐을때 충분히 관수함,"응애,깍지벌레"
개운죽,초보자,낮음 (잘 견딤),"낮은 광도(300~800 Lux),중간 광도(800~1,500 Lux),높은 광도(1,500~10,000 Lux)","거실 내측 (실내깊이 300~500cm)
거실 창측 (실내깊이 150~300cm)
발코니 내측 (실내깊이 50~150cm)
발코니 창측 (실내깊이 0~50cm)",보통,16~20℃,13℃ 이상,40 ~ 70%,비료를 거의 요구하지않음,,흙을 촉촉하게 유지함(물에 잠기지 않도록 주의),흙을 촉촉하게 유지함(물에 잠기지 않도록 주의),흙을 촉촉하게 유지함(물에 잠기지 않도록 주의),토양 표면이 말랐을때 충분히 관수함,"응애,깍지벌레"
골드크레스트 '윌마',경험자,보통 (약간 잘 견딤),"높은 광도(1,500~10,000 Lux)","거실 창측 (실내깊이 150~300cm)
발코니 내측 (실내깊이 50~150cm)
발코니 창측 (실내깊이 0~50cm)",보통,16~20℃,10℃,40 ~ 70%,비료를 보통 요구함,,토양 표면이 말랐을때 충분히 관수함,토양 표면이 말랐을때 충분히 관수함,토양 표면이 말랐을때 충분히 관수함,화분 흙 대부분 말랐을때 충분히 관수함,"응애,깍지벌레"
공작야자,경험자,필요함,"중간 광도(800~1,500 Lux),높은 광도(1,500~10,000 Lux)","거실 창측 (실내깊이 150~300cm)
발코니 내측 (실내깊이 50~150cm)
발코니 창측 (실내깊이 0~50cm)",보통,21~25℃,13℃ 이상,70% 이상,비료를 보통 요구함,"토양-중성,산성/배수잘됨/타입-Loam",토양 표면이 말랐을때 충분히 관수함,토양 표면이 말랐을때 충분히 관수함,토양 표면이 말랐을때 충분히 관수함,토양 표면이 말랐을때 충분히 관수함,"응애,깍지벌레"
관엽베고니아,경험자,보통 (약간 잘 견딤),"중간 광도(800~1,500 Lux),높은 광도(1,500~10,000 Lux)","거실 창측 (실내깊이 150~300cm)
발코니 내측 (실내깊이 50~150cm)
발코니 창측 (실내깊이 0~50cm)",보통,16~20℃,13℃ 이상,40 ~ 70%,비료를 보통 요구함,,토양 표면이 말랐을때 충분히 관수함,토양 표면이 말랐을때 충분히 관수함,토양 표면이 말랐을때 충분히 관수함,토양 표면이 말랐을때 충분히 관수함,"응애,깍지벌레,온실가루이"
관음죽,경험자,보통 (약간 잘 견딤),"낮은 광도(300~800 Lux),중간 광도(800~1,500 Lux),높은 광도(1,500~10,000 Lux)","실내 어두운 곳 (실내깊이 500 이상cm)
거실 내측 (실내깊이 300~500cm)
거실 창측 (실내깊이 150~300cm)
발코니 내측 (실내깊이 50~150cm)
발코니 창측 (실내깊이 0~50cm)",느림,16~20℃,5℃,40 ~ 70%,비료를 보통 요구함,"중성,산성 / 배수 잘 됨 / 타입-Loam, Sand",토양 표면이 말랐을때 충분히 관수함,토양 표면이 말랐을때 충분히 관수함,토양 표면이 말랐을때 충분히 관수함,화분 흙 대부분 말랐을때 충분히 관수함,"응애,깍지벌레"
구문초,,필요함,"중간 광도(800~1,500 Lux),높은 광도(1,500~10,000 Lux)","거실 창측 (실내깊이 150~300cm)
발코니 내측 (실내깊이 50~150cm)
발코니 창측 (실내깊이 0~50cm)",,16~20℃,10℃,40 ~ 70%,비료를 보통 요구함,,토양 표면이 말랐을때 충분히 관수함,토양 표면이 말랐을때 충분히 관수함,토양 표면이 말랐을때 충분히 관수함,화분 흙 대부분 말랐을때 충분히 관수함,"응애,깍지벌레,온실가루이"
구즈마니아,경험자,필요함,"중간 광도(800~1,500 Lux),높은 광도(1,500~10,000 Lux)","거실 창측 (실내깊이 150~300cm)
발코니 내측 (실내깊이 50~150cm)
발코니 창측 (실내깊이 0~50cm)",느림,21~25℃,13℃ 이상,40 ~ 70%,비료를 보통 요구함,,토양 표면이 말랐을때 충분히 관수함,토양 표면이 말랐을때 충분히 관수함,토양 표면이 말랐을때 충분히 관수함,토양 표면이 말랐을때 충분히 관수함,응애
군자란,경험자,보통 (약간 잘 견딤),"중간 광도(800~1,500 Lux),높은 광도(1,500~10,000 Lux)","거실 창측 (실내깊이 150~300cm)
발코니 내측 (실내깊이 50~150cm)
발코니 창측 (실내깊이 0~50cm)",느림,16~20℃,10℃,40 ~ 70%,비료를 보통 요구함,,토양 표면이 말랐을때 충분히 관수함,토양 표면이 말랐을때 충분히 관수함,토양 표면이 말랐을때 충분히 관수함,화분 흙 대부분 말랐을때 충분히 관수함,"응애,깍지벌레"
글레코마,초보자,낮음 (잘 견딤),"중간 광도(800~1,500 Lux),높은 광도(1,500~10,000 Lux)","거실 창측 (실내깊이 150~300cm)
발코니 내측 (실내깊이 50~150cm)
발코니 창측 (실내깊이 0~50cm)",,16~20℃,5℃,40 ~ 70%,비료를 보통 요구함,,토양 표면이 말랐을때 충분히 관수함,토양 표면이 말랐을때 충분히 관수함,토양 표면이 말랐을때 충분히 관수함,화분 흙 대부분 말랐을때 충분히 관수함,"진딧물,응애,온실가루이"
금목서,초보자,낮음 (잘 견딤),"중간 광도(800~1,500 Lux),높은 광도(1,500~10,000 Lux)","거실 창측 (실내깊이 150~300cm)
발코니 내측 (실내깊이 50~150cm)
발코니 창측 (실내깊이 0~50cm)",보통,16~20℃,0℃ 이하,40 ~ 70%,비료를 보통 요구함,"산성, 중성 / 양질토, 모래",토양 표면이 말랐을때 충분히 관수함,토양 표면이 말랐을때 충분히 관수함,토양 표면이 말랐을때 충분히 관수함,토양 표면이 말랐을때 충분히 관수함,"응애,깍지벌레"
금사철나무,,보통 (약간 잘 견딤),"중간 광도(800~1,500 Lux),높은 광도(1,500~10,000 Lux)","거실 내측 (실내깊이 300~500cm)
거실 창측 (실내깊이 150~300cm)
발코니 내측 (실내깊이 50~150cm)
발코니 창측 (실내깊이 0~50cm)",보통,16~20℃,0℃ 이하,40 ~ 70%,비료를 보통 요구함,,토양 표면이 말랐을때 충분히 관수함,토양 표면이 말랐을때 충분히 관수함,토양 표면이 말랐을때 충분히 관수함,화분 흙 대부분 말랐을때 충분히 관수함,"응애,깍지벌레"
금식나무,초보자,낮음 (잘 견딤),"중간 광도(800~1,500 Lux),높은 광도(1,500~10,000 Lux)","거실 창측 (실내깊이 150~300cm)
발코니 내측 (실내깊이 50~150cm)
발코니 창측 (실내깊이 0~50cm)",느림,16~20℃,0℃ 이하,40 ~ 70%,비료를 보통 요구함,"중성,산성 / 배수 잘 됨 / 타입-Loam, Clay",토양 표면이 말랐을때 충분히 관수함,토양 표면이 말랐을때 충분히 관수함,토양 표면이 말랐을때 충분히 관수함,화분 흙 대부분 말랐을때 충분히 관수함,"응애,깍지벌레"
금전수,초보자,낮음 (잘 견딤),"중간 광도(800~1,500 Lux),높은 광도(1,500~10,000 Lux)","거실 내측 (실내깊이 300~500cm)
거실 창측 (실내깊이 150~300cm)
발코니 내측 (실내깊이 50~150cm)
발코니 창측 (실내깊이 0~50cm)",느림,16~20℃,13℃ 이상,40 ~ 70%,"비료를 거의 요구하지않음 (1회/년, 봄)","중성,산성 / 배수 잘 됨 / 타입-Loam, Sand",토양 표면이 말랐을때 충분히 관수함,토양 표면이 말랐을때 충분히 관수함,토양 표면이 말랐을때 충분히 관수함,화분 흙 대부분 말랐을때 충분히 관수함,"응애,깍지벌레"
금천죽,초보자,낮음 (잘 견딤),"낮은 광도(300~800 Lux),중간 광도(800~1,500 Lux),높은 광도(1,500~10,000 Lux)","거실 창측 (실내깊이 150~300cm)
발코니 내측 (실내깊이 50~150cm)
발코니 창측 (실내깊이 0~50cm)",느림,16~20℃,13℃ 이상,40 ~ 70%,비료를 보통 요구함,"중성 / 배수 잘 됨 / 타입-Loam, Sand",토양 표면이 말랐을때 충분히 관수함,토양 표면이 말랐을때 충분히 관수함,토양 표면이 말랐을때 충분히 관수함,화분 흙 대부분 말랐을때 충분히 관수함,"응애,깍지벌레"
기누라,경험자,필요함,"중간 광도(800~1,500 Lux),높은 광도(1,500~10,000 Lux)","거실 창측 (실내깊이 150~300cm)
발코니 내측 (실내깊이 50~150cm)
발코니 창측 (실내깊이 0~50cm)",보통,16~20℃,13℃ 이상,40 ~ 70%,비료를 보통 요구함,중성 / 배수 잘 됨 / 타입-Loam,토양 표면이 말랐을때 충분히 관수함,토양 표면이 말랐을때 충분히 관수함,토양 표면이 말랐을때 충분히 관수함,화분 흙 대부분 말랐을때 충분히 관수함,"응애,온실가루이"
꽃베고니아,경험자,보통 (약간 잘 견딤),"높은 광도(1,500~10,000 Lux)","거실 창측 (실내깊이 150~300cm)
발코니 내측 (실내깊이 50~150cm)
발코니 창측 (실내깊이 0~50cm)",빠름,21~25℃,13℃ 이상,70% 이상,비료를 보통 요구함,"중성,산성 / 배수 잘 됨 / 타입-Loam, Sand",흙을 촉촉하게 유지함(물에 잠기지 않도록 주의),흙을 촉촉하게 유지함(물에 잠기지 않도록 주의),토양 표면이 말랐을때 충분히 관수함,화분 흙 대부분 말랐을때 충분히 관수함,"응애,깍지벌레"
나도풍란,경험자,필요함,"중간 광도(800~1,500 Lux)","발코니 내측 (실내깊이 50~150cm)
발코니 창측 (실내깊이 0~50cm)",느림,21~25℃,7℃,70% 이상,,,화분 흙 대부분 말랐을때 충분히 관수함,화분 흙 대부분 말랐을때 충분히 관수함,화분 흙 대부분 말랐을때 충분히 관수함,화분 흙 대부분 말랐을때 충분히 관수함,"응애,깍지벌레"
나한송,초보자,낮음 (잘 견딤),"중간 광도(800~1,500 Lux),높은 광도(1,500~10,000 Lux)","거실 창측 (실내깊이 150~300cm)
발코니 내측 (실내깊이 50~150cm)
발코니 창측 (실내깊이 0~50cm)",느림,10~15℃,5℃,,보통 요구함,"중성,산성,알칼리성 / 배수 잘 됨 / 타입-Clay, Loam, Sand",흙을 촉촉하게 유지함(물에 잠기지 않도록 주의),흙을 촉촉하게 유지함(물에 잠기지 않도록 주의),흙을 촉촉하게 유지함(물에 잠기지 않도록 주의),토양 표면이 말랐을때 충분히 관수함,"응애,깍지벌레"
남천,초보자,낮음 (잘 견딤),"높은 광도(1,500~10,000 Lux)","거실 창측 (실내깊이 150~300cm)
발코니 내측 (실내깊이 50~150cm)
발코니 창측 (실내깊이 0~50cm)",보통,16~20℃,5℃,40 ~ 70%,비료를 보통 요구함,"중성,산성 / 배수 잘 됨 / 타입-Loam, Sand",토양 표면이 말랐을때 충분히 관수함,토양 표면이 말랐을때 충분히 관수함,토양 표면이 말랐을때 충분히 관수함,화분 흙 대부분 말랐을때 충분히 관수함,"응애,깍지벌레"
네마탄투스,경험자,보통 (약간 잘 견딤),"중간 광도(800~1,500 Lux),높은 광도(1,500~10,000 Lux)","거실 창측 (실내깊이 150~300cm)
발코니 내측 (실내깊이 50~150cm)
발코니 창측 (실내깊이 0~50cm)",보통,16~20℃,10℃,40 ~ 70%,비료를 보통 요구함,"중성 / 배수정도 보통 / 타입 - Loam, Sand",토양 표면이 말랐을때 충분히 관수함,토양 표면이 말랐을때 충분히 관수함,토양 표면이 말랐을때 충분히 관수함,화분 흙 대부분 말랐을때 충분히 관수함,"진딧물,응애,깍지벌레"
네오레겔리아,경험자,필요함,"중간 광도(800~1,500 Lux),높은 광도(1,500~10,000 Lux)","거실 창측 (실내깊이 150~300cm)
발코니 내측 (실내깊이 50~150cm)
발코니 창측 (실내깊이 0~50cm)",보통,16~20℃,13℃ 이상,70% 이상,보통 요구함,,토양 표면이 말랐을때 충분히 관수함,토양 표면이 말랐을때 충분히 관수함,토양 표면이 말랐을때 충분히 관수함,토양 표면이 말랐을때 충분히 관수함,응애
녹영,경험자,필요함,"중간 광도(800~1,500 Lux),높은 광도(1,500~10,000 Lux)","거실 창측 (실내깊이 150~300cm)
발코니 내측 (실내깊이 50~150cm)
발코니 창측 (실내깊이 0~50cm)",,16~20℃,13℃ 이상,40 ~ 70%,"비료를 보통 요구함 (2회/년, 4월, 7월)",건조에 강한 식물이므로 겉흙이 완전히 마르면 관수하며 온도가 낮은 환경에서는 특별히 흙을 건조하게 관리한다.,화분 흙 대부분 말랐을때 충분히 관수함,화분 흙 대부분 말랐을때 충분히 관수함,화분 흙 대부분 말랐을때 충분히 관수함,화분 흙 대부분 말랐을때 충분히 관수함,응애
뉴기니아봉선화,초보자,보통 (약간 잘 견딤),"중간 광도(800~1,500 Lux),높은 광도(1,500~10,000 Lux)","거실 창측 (실내깊이 150~300cm)
발코니 내측 (실내깊이 50~150cm)
발코니 창측 (실내깊이 0~50cm)",보통,21~25℃,13℃ 이상,40% 미만,연중 개화하는 식물이므로 규칙적인 시비가 필요하다.,유기질이 풍부한 배합토로 만든 토양에서 기른다.,흙을 촉촉하게 유지함(물에 잠기지 않도록 주의),흙을 촉촉하게 유지함(물에 잠기지 않도록 주의),토양 표면이 말랐을때 충분히 관수함,화분 흙 대부분 말랐을때 충분히 관수함,"진딧물,응애,총채벌레,온실가루이"
대만고무나무,경험자,필요함,"중간 광도(800~1,500 Lux),높은 광도(1,500~10,000 Lux)","거실 내측 (실내깊이 300~500cm)
거실 창측 (실내깊이 150~300cm)
발코니 내측 (실내깊이 50~150cm)
발코니 창측 (실내깊이 0~50cm)",보통,21~25℃,13℃ 이상,40 ~ 70%,비료를 보통 요구함,,토양 표면이 말랐을때 충분히 관수함,토양 표면이 말랐을때 충분히 관수함,토양 표면이 말랐을때 충분히 관수함,화분 흙 대부분 말랐을때 충분히 관수함,"응애,깍지벌레"
더피고사리,경험자,낮음 (잘 견딤),"중간 광도(800~1,500 Lux),높은 광도(1,500~10,000 Lux)","거실 내측 (실내깊이 300~500cm)
거실 창측 (실내깊이 150~300cm)
발코니 내측 (실내깊이 50~150cm)
발코니 창측 (실내깊이 0~50cm)",느림,16~20℃,13℃ 이상,70% 이상,비료를 보통 요구함,난석 4:부엽토 3:강모래 3,흙을 촉촉하게 유지함(물에 잠기지 않도록 주의),흙을 촉촉하게 유지함(물에 잠기지 않도록 주의),흙을 촉촉하게 유지함(물에 잠기지 않도록 주의),토양 표면이 말랐을때 충분히 관수함,"응애,깍지벌레"
덕구리난,초보자,낮음 (잘 견딤),"높은 광도(1,500~10,000 Lux)","거실 창측 (실내깊이 150~300cm)
발코니 내측 (실내깊이 50~150cm)
발코니 창측 (실내깊이 0~50cm)",느림,21~25℃,13℃ 이상,40% 미만,"비료를 거의 요구하지않음 (2회/년, 4월, 7월)",배수가 잘 되는 토양,토양 표면이 말랐을때 충분히 관수함,토양 표면이 말랐을때 충분히 관수함,토양 표면이 말랐을때 충분히 관수함,화분 흙 대부분 말랐을때 충분히 관수함,"응애,깍지벌레"
데코라고무나무,초보자,필요함,"중간 광도(800~1,500 Lux),높은 광도(1,500~10,000 Lux)","거실 창측 (실내깊이 150~300cm)
발코니 내측 (실내깊이 50~150cm)
발코니 창측 (실내깊이 0~50cm)",빠름,21~25℃,13℃ 이상,40 ~ 70%,비료를 보통 요구함,"중성,산성,알칼리성 / 배수 잘 됨 / 타입-Loam, Sand",토양 표면이 말랐을때 충분히 관수함,토양 표면이 말랐을때 충분히 관수함,토양 표면이 말랐을때 충분히 관수함,화분 흙 대부분 말랐을때 충분히 관수함,"응애,깍지벌레"
덴파레,경험자,보통 (약간 잘 견딤),"높은 광도(1,500~10,000 Lux)","거실 창측 (실내깊이 150~300cm)
발코니 내측 (실내깊이 50~150cm)
발코니 창측 (실내깊이 0~50cm)",느림,21~25℃,13℃ 이상,40 ~ 70%,,,화분 흙 대부분 말랐을때 충분히 관수함,화분 흙 대부분 말랐을때 충분히 관수함,화분 흙 대부분 말랐을때 충분히 관수함,화분 흙 대부분 말랐을때 충분히 관수함,"응애,총채벌레"
도깨비고비,초보자,낮음 (잘 견딤),"낮은 광도(300~800 Lux),중간 광도(800~1,500 Lux),높은 광도(1,500~10,000 Lux)","실내 어두운 곳 (실내깊이 500 이상cm)
거실 내측 (실내깊이 300~500cm)
거실 창측 (실내깊이 150~300cm)
발코니 내측 (실내깊이 50~150cm)
발코니 창측 (실내깊이 0~50cm)",보통,16~20℃,0℃ 이하,40% 미만,비료를 보통 요구함,중성 / 배수 잘 됨 / 타입-Loam,흙을 촉촉하게 유지함(물에 잠기지 않도록 주의),흙을 촉촉하게 유지함(물에 잠기지 않도록 주의),흙을 촉촉하게 유지함(물에 잠기지 않도록 주의),토양 표면이 말랐을때 충분히 관수함,"응애,깍지벌레"
돈나무,초보자,낮음 (잘 견딤),"중간 광도(800~1,500 Lux),높은 광도(1,500~10,000 Lux)","거실 창측 (실내깊이 150~300cm)
발코니 내측 (실내깊이 50~150cm)
발코니 창측 (실내깊이 0~50cm)",보통,16~20℃,0℃ 이하,40 ~ 70%,보통 요구함 (수용성비료를 봄과 여름에 격주로 줌),화분용 영양토,토양 표면이 말랐을때 충분히 관수함,토양 표면이 말랐을때 충분히 관수함,토양 표면이 말랐을때 충분히 관수함,화분 흙 대부분 말랐을때 충분히 관수함,"응애,깍지벌레"
동백,경험자,필요함,"높은 광도(1,500~10,000 Lux)","거실 창측 (실내깊이 150~300cm)
발코니 내측 (실내깊이 50~150cm)
발코니 창측 (실내깊이 0~50cm)",느림,16~20℃,0℃ 이하,40 ~ 70%,"많이 요구함 (유기물이 풍부, 성장기간동안 산성비료 2주에 1번)","양토(산성, 중성), 점토, 모래, 건조토양",토양 표면이 말랐을때 충분히 관수함,토양 표면이 말랐을때 충분히 관수함,토양 표면이 말랐을때 충분히 관수함,화분 흙 대부분 말랐을때 충분히 관수함,"응애,깍지벌레"
둥근잎 아랄리아,경험자,필요함,"중간 광도(800~1,500 Lux),높은 광도(1,500~10,000 Lux)","거실 내측 (실내깊이 300~500cm)
거실 창측 (실내깊이 150~300cm)
발코니 내측 (실내깊이 50~150cm)
발코니 창측 (실내깊이 0~50cm)",보통,21~25℃,13℃ 이상,40 ~ 70%,비료를 보통 요구함,,토양 표면이 말랐을때 충분히 관수함,토양 표면이 말랐을때 충분히 관수함,토양 표면이 말랐을때 충분히 관수함,화분 흙 대부분 말랐을때 충분히 관수함,"응애,깍지벌레"
듀란타,,필요함,"높은 광도(1,500~10,000 Lux)","거실 창측 (실내깊이 150~300cm)
발코니 내측 (실내깊이 50~150cm)
발코니 창측 (실내깊이 0~50cm)",,21~25℃,13℃ 이상,40 ~ 70%,비료를 보통 요구함,화분용 영양토,토양 표면이 말랐을때 충분히 관수함,토양 표면이 말랐을때 충분히 관수함,토양 표면이 말랐을때 충분히 관수함,화분 흙 대부분 말랐을때 충분히 관수함,"진딧물,응애,깍지벌레,온실가루이"
드라세나 '송오브자마이카',초보자,보통 (약간 잘 견딤),"낮은 광도(300~800 Lux),중간 광도(800~1,500 Lux),높은 광도(1,500~10,000 Lux)","거실 내측 (실내깊이 300~500cm)
거실 창측 (실내깊이 150~300cm)
발코니 내측 (실내깊이 50~150cm)
발코니 창측 (실내깊이 0~50cm)",보통,16~20℃,5℃,40 ~ 70%,비료를 보통 요구함,물빠짐이 좋으면서 보수력을 지닌 토양,토양 표면이 말랐을때 충분히 관수함,토양 표면이 말랐을때 충분히 관수함,토양 표면이 말랐을때 충분히 관수함,화분 흙 대부분 말랐을때 충분히 관수함,"응애,깍지벌레"
드라세나 '와네끼',초보자,보통 (약간 잘 견딤),"중간 광도(800~1,500 Lux),높은 광도(1,500~10,000 Lux)","거실 내측 (실내깊이 300~500cm)
거실 창측 (실내깊이 150~300cm)
발코니 내측 (실내깊이 50~150cm)
발코니 창측 (실내깊이 0~50cm)",보통,16~20℃,13℃ 이상,40 ~ 70%,비료를 보통 요구함. (수용성비료 2주에 한번 줌),화분용 영양토,토양 표면이 말랐을때 충분히 관수함,토양 표면이 말랐을때 충분히 관수함,토양 표면이 말랐을때 충분히 관수함,화분 흙 대부분 말랐을때 충분히 관수함,"응애,깍지벌레"
드라세나 '송오브인디아',초보자,보통 (약간 잘 견딤),"낮은 광도(300~800 Lux),중간 광도(800~1,500 Lux),높은 광도(1,500~10,000 Lux)","거실 내측 (실내깊이 300~500cm)
거실 창측 (실내깊이 150~300cm)
발코니 내측 (실내깊이 50~150cm)
발코니 창측 (실내깊이 0~50cm)",보통,16~20℃,5℃,40 ~ 70%,비료를 보통 요구함(봄~가을 완효성비료를 규칙적으로 주고 겨울에 중단),물빠짐이 좋고 다소 보수력이 있는 토양,흙을 촉촉하게 유지함(물에 잠기지 않도록 주의),흙을 촉촉하게 유지함(물에 잠기지 않도록 주의),흙을 촉촉하게 유지함(물에 잠기지 않도록 주의),화분 흙 대부분 말랐을때 충분히 관수함,"응애,깍지벌레"
드라세나 '자바',경험자,보통 (약간 잘 견딤),"중간 광도(800~1,500 Lux),높은 광도(1,500~10,000 Lux)","거실 내측 (실내깊이 300~500cm)
거실 창측 (실내깊이 150~300cm)
발코니 내측 (실내깊이 50~150cm)
발코니 창측 (실내깊이 0~50cm)",보통,16~20℃,13℃ 이상,40 ~ 70%,비료를 보통 요구함,,토양 표면이 말랐을때 충분히 관수함,토양 표면이 말랐을때 충분히 관수함,토양 표면이 말랐을때 충분히 관수함,화분 흙 대부분 말랐을때 충분히 관수함,"응애,깍지벌레"
드라세나 '콤팩타',초보자,보통 (약간 잘 견딤),"낮은 광도(300~800 Lux),중간 광도(800~1,500 Lux),높은 광도(1,500~10,000 Lux)","실내 어두운 곳 (실내깊이 500 이상cm)
거실 내측 (실내깊이 300~500cm)
거실 창측 (실내깊이 150~300cm)
발코니 내측 (실내깊이 50~150cm)
발코니 창측 (실내깊이 0~50cm)",보통,16~20℃,13℃ 이상,40 ~ 70%,비료를 보통 요구함 (수용성비료 2주에 한번 줌),화분용영양토,흙을 촉촉하게 유지함(물에 잠기지 않도록 주의),흙을 촉촉하게 유지함(물에 잠기지 않도록 주의),흙을 촉촉하게 유지함(물에 잠기지 않도록 주의),화분 흙 대부분 말랐을때 충분히 관수함,"응애,깍지벌레"
드라세나 '트리컬러 레인보우',초보자,보통 (약간 잘 견딤),"중간 광도(800~1,500 Lux),높은 광도(1,500~10,000 Lux)","거실 창측 (실내깊이 150~300cm)
발코니 내측 (실내깊이 50~150cm)
발코니 창측 (실내깊이 0~50cm)",보통,16~20℃,13℃ 이상,40 ~ 70%,비료를 보통 요구함,,흙을 촉촉하게 유지함(물에 잠기지 않도록 주의),흙을 촉촉하게 유지함(물에 잠기지 않도록 주의),흙을 촉촉하게 유지함(물에 잠기지 않도록 주의),토양 표면이 말랐을때 충분히 관수함,"응애,깍지벌레"
드라세나 드라코,경험자,필요함,"중간 광도(800~1,500 Lux),높은 광도(1,500~10,000 Lux)","거실 내측 (실내깊이 300~500cm)
거실 창측 (실내깊이 150~300cm)
발코니 내측 (실내깊이 50~150cm)
발코니 창측 (실내깊이 0~50cm)",느림,21~25℃,13℃ 이상,40 ~ 70%,비료를 보통 요구함 (수용성비료 2주에 한번 줌),"가볍고, 건조잘되는것, 양질토, 모래, 산도(알칼리, 중성), 일반화분용토양(토양자체가 단단하면 모래 또는 펄라이트, 피트모스를 추가하여 흙을 만듬)",토양 표면이 말랐을때 충분히 관수함,토양 표면이 말랐을때 충분히 관수함,토양 표면이 말랐을때 충분히 관수함,화분 흙 대부분 말랐을때 충분히 관수함,"응애,깍지벌레"
드라세나 마지나타,초보자,보통 (약간 잘 견딤),"중간 광도(800~1,500 Lux),높은 광도(1,500~10,000 Lux)","거실 내측 (실내깊이 300~500cm)
거실 창측 (실내깊이 150~300cm)
발코니 내측 (실내깊이 50~150cm)
발코니 창측 (실내깊이 0~50cm)",느림,16~20℃,10℃,40 ~ 70%,비료를 보통 요구함(봄~가을 완효성비료를 규칙적으로 줌),"건조하고 가벼운 토양 / 산성, 알카리",흙을 촉촉하게 유지함(물에 잠기지 않도록 주의),흙을 촉촉하게 유지함(물에 잠기지 않도록 주의),흙을 촉촉하게 유지함(물에 잠기지 않도록 주의),화분 흙 대부분 말랐을때 충분히 관수함,"응애,깍지벌레"
드라세나 맛상게아나,초보자,낮음 (잘 견딤),"낮은 광도(300~800 Lux),중간 광도(800~1,500 Lux),높은 광도(1,500~10,000 Lux)","거실 내측 (실내깊이 300~500cm)
거실 창측 (실내깊이 150~300cm)
발코니 내측 (실내깊이 50~150cm)
발코니 창측 (실내깊이 0~50cm)",보통,16~20℃,13℃ 이상,40 ~ 70%,비료를 보통 요구함(수용성비료 2주에 한번 줌),화분용영양토,흙을 촉촉하게 유지함(물에 잠기지 않도록 주의),흙을 촉촉하게 유지함(물에 잠기지 않도록 주의),흙을 촉촉하게 유지함(물에 잠기지 않도록 주의),화분 흙 대부분 말랐을때 충분히 관수함,"응애,깍지벌레"
드라세나 산데리아나,초보자,낮음 (잘 견딤),"낮은 광도(300~800 Lux),중간 광도(800~1,500 Lux),높은 광도(1,500~10,000 Lux)","실내 어두운 곳 (실내깊이 500 이상cm)
거실 내측 (실내깊이 300~500cm)
거실 창측 (실내깊이 150~300cm)
발코니 내측 (실내깊이 50~150cm)
발코니 창측 (실내깊이 0~50cm)",느림,21~25℃,13℃ 이상,40 ~ 70%,비료를 보통 요구함(봄~가을 완효성비료를 규칙적으로 줌),"물빠짐이 좋은토양, 양질토, 모래, 중성(산도)",흙을 촉촉하게 유지함(물에 잠기지 않도록 주의),흙을 촉촉하게 유지함(물에 잠기지 않도록 주의),흙을 촉촉하게 유지함(물에 잠기지 않도록 주의),화분 흙 대부분 말랐을때 충분히 관수함,"응애,깍지벌레,총채벌레"
드라세나 산데리아나 '세레스',초보자,보통 (약간 잘 견딤),"낮은 광도(300~800 Lux),중간 광도(800~1,500 Lux),높은 광도(1,500~10,000 Lux)","실내 어두운 곳 (실내깊이 500 이상cm)
거실 내측 (실내깊이 300~500cm)
거실 창측 (실내깊이 150~300cm)
발코니 내측 (실내깊이 50~150cm)",보통,16~20℃,13℃ 이상,40 ~ 70%,비료를 보통 요구함,건조한 토양,흙을 촉촉하게 유지함(물에 잠기지 않도록 주의),흙을 촉촉하게 유지함(물에 잠기지 않도록 주의),흙을 촉촉하게 유지함(물에 잠기지 않도록 주의),토양 표면이 말랐을때 충분히 관수함,"응애,깍지벌레"
드라세나 수르쿨로사,경험자,필요함,"낮은 광도(300~800 Lux),중간 광도(800~1,500 Lux),높은 광도(1,500~10,000 Lux)","거실 내측 (실내깊이 300~500cm)
거실 창측 (실내깊이 150~300cm)
발코니 내측 (실내깊이 50~150cm)
발코니 창측 (실내깊이 0~50cm)",느림,16~20℃,13℃ 이상,40% 미만,비료를 보통 요구함(동절기 비료주지 않음),,토양 표면이 말랐을때 충분히 관수함,토양 표면이 말랐을때 충분히 관수함,토양 표면이 말랐을때 충분히 관수함,화분 흙 대부분 말랐을때 충분히 관수함,"응애,깍지벌레"
디지고데카,경험자,필요함,"중간 광도(800~1,500 Lux),높은 광도(1,500~10,000 Lux)","거실 내측 (실내깊이 300~500cm)
거실 창측 (실내깊이 150~300cm)
발코니 내측 (실내깊이 50~150cm)
발코니 창측 (실내깊이 0~50cm)",빠름,16~20℃,13℃ 이상,40 ~ 70%,비료를 보통 요구함,"좋은 배수와 균등 습한 토양 / 양질토, 모래 / 중성, 알카리",토양 표면이 말랐을때 충분히 관수함,토양 표면이 말랐을때 충분히 관수함,토양 표면이 말랐을때 충분히 관수함,화분 흙 대부분 말랐을때 충분히 관수함,"응애,깍지벌레"
디펜바키아 '마리안느',경험자,필요함,"중간 광도(800~1,500 Lux),높은 광도(1,500~10,000 Lux)","거실 창측 (실내깊이 150~300cm)
발코니 내측 (실내깊이 50~150cm)
발코니 창측 (실내깊이 0~50cm)",느림,21~25℃,13℃ 이상,40 ~ 70%,비료를 많이 요구함,"산성, 중성 / 양질토, 모래",토양 표면이 말랐을때 충분히 관수함,토양 표면이 말랐을때 충분히 관수함,토양 표면이 말랐을때 충분히 관수함,화분 흙 대부분 말랐을때 충분히 관수함,"응애,깍지벌레,온실가루이"
디펜바키아 '트로픽스노우',경험자,필요함,"중간 광도(800~1,500 Lux),높은 광도(1,500~10,000 Lux)","거실 내측 (실내깊이 300~500cm)
거실 창측 (실내깊이 150~300cm)
발코니 내측 (실내깊이 50~150cm)
발코니 창측 (실내깊이 0~50cm)",빠름,21~25℃,13℃ 이상,40 ~ 70%,비료를 많이 요구함,"산성, 중성 / 양질토",토양 표면이 말랐을때 충분히 관수함,토양 표면이 말랐을때 충분히 관수함,토양 표면이 말랐을때 충분히 관수함,화분 흙 대부분 말랐을때 충분히 관수함,"응애,깍지벌레,온실가루이"
떡갈잎 고무나무,초보자,필요함,"중간 광도(800~1,500 Lux),높은 광도(1,500~10,000 Lux)","거실 창측 (실내깊이 150~300cm)
발코니 내측 (실내깊이 50~150cm)
발코니 창측 (실내깊이 0~50cm)",보통,16~20℃,13℃ 이상,40 ~ 70%,비료를 보통 요구함(봄과 여름 2주에 한번씩 수용성 비료 줌),"산성, 중성, 알칼리성 / 양질토, 모래",토양 표면이 말랐을때 충분히 관수함,토양 표면이 말랐을때 충분히 관수함,토양 표면이 말랐을때 충분히 관수함,화분 흙 대부분 말랐을때 충분히 관수함,"응애,깍지벌레"
러브체인,경험자,보통 (약간 잘 견딤),"중간 광도(800~1,500 Lux),높은 광도(1,500~10,000 Lux)","거실 창측 (실내깊이 150~300cm)
발코니 내측 (실내깊이 50~150cm)
발코니 창측 (실내깊이 0~50cm)",보통,16~20℃,10℃,40% 미만,"비료를 거의 요구하지않음 (2회/년, 4월, 7월 수용성비료 줌)",화분용영양토,화분 흙 대부분 말랐을때 충분히 관수함,화분 흙 대부분 말랐을때 충분히 관수함,화분 흙 대부분 말랐을때 충분히 관수함,화분 흙 대부분 말랐을때 충분히 관수함,"응애,깍지벌레"
렉스베고니아,경험자,필요함,"중간 광도(800~1,500 Lux),높은 광도(1,500~10,000 Lux)","거실 창측 (실내깊이 150~300cm)
발코니 내측 (실내깊이 50~150cm)
발코니 창측 (실내깊이 0~50cm)",보통,16~20℃,13℃ 이상,40 ~ 70%,비료를 보통 요구함(봄과 가을에 수용성비료를 2주에 한번 줌),"중성 / 양질토, 모래",토양 표면이 말랐을때 충분히 관수함,토양 표면이 말랐을때 충분히 관수함,토양 표면이 말랐을때 충분히 관수함,화분 흙 대부분 말랐을때 충분히 관수함,"진딧물,응애,깍지벌레,온실가루이"
루모라고사리,전문가,특별 관리 요구,"중간 광도(800~1,500 Lux),높은 광도(1,500~10,000 Lux)","거실 창측 (실내깊이 150~300cm)
발코니 내측 (실내깊이 50~150cm)
발코니 창측 (실내깊이 0~50cm)",보통,16~20℃,5℃,70% 이상,비료를 보통 요구함,"산성, 중성 / 점토, 양질토",흙을 촉촉하게 유지함(물에 잠기지 않도록 주의),흙을 촉촉하게 유지함(물에 잠기지 않도록 주의),흙을 촉촉하게 유지함(물에 잠기지 않도록 주의),토양 표면이 말랐을때 충분히 관수함,"응애,깍지벌레"
루스커스,초보자,낮음 (잘 견딤),"중간 광도(800~1,500 Lux),높은 광도(1,500~10,000 Lux)","거실 창측 (실내깊이 150~300cm)
발코니 내측 (실내깊이 50~150cm)
발코니 창측 (실내깊이 0~50cm)",보통,16~20℃,5℃,40 ~ 70%,비료를 보통 요구함,배수 잘 됨 / 모래,토양 표면이 말랐을때 충분히 관수함,토양 표면이 말랐을때 충분히 관수함,토양 표면이 말랐을때 충분히 관수함,화분 흙 대부분 말랐을때 충분히 관수함,"응애,깍지벌레"
마란타 류코뉴라,초보자,필요함,"중간 광도(800~1,500 Lux),높은 광도(1,500~10,000 Lux)","거실 창측 (실내깊이 150~300cm)
발코니 내측 (실내깊이 50~150cm)
발코니 창측 (실내깊이 0~50cm)",빠름,16~20℃,13℃ 이상,40 ~ 70%,비료를 보통 요구함(가을에 수용성비료를 2주에 한번 줌),"산성, 중성, 알칼리 / 양질토, 모래 / 건조한 토양",토양 표면이 말랐을때 충분히 관수함,토양 표면이 말랐을때 충분히 관수함,토양 표면이 말랐을때 충분히 관수함,토양 표면이 말랐을때 충분히 관수함,"응애,깍지벌레,온실가루이"
마삭줄,초보자,보통 (약간 잘 견딤),"중간 광도(800~1,500 Lux),높은 광도(1,500~10,000 Lux)","거실 창측 (실내깊이 150~300cm)
발코니 내측 (실내깊이 50~150cm)
발코니 창측 (실내깊이 0~50cm)",보통,16~20℃,0℃ 이하,40 ~ 70%,비료를 보통 요구함 (2~3개월에 한번씩 수용성 비료 줌),"산성, 중성, 알칼리성 / 점토, 양질토, 모래",토양 표면이 말랐을때 충분히 관수함,토양 표면이 말랐을때 충분히 관수함,토양 표면이 말랐을때 충분히 관수함,토양 표면이 말랐을때 충분히 관수함,"응애,깍지벌레"
만년청,초보자,낮음 (잘 견딤),"낮은 광도(300~800 Lux),중간 광도(800~1,500 Lux),높은 광도(1,500~10,000 Lux)","실내 어두운 곳 (실내깊이 500 이상cm)
거실 내측 (실내깊이 300~500cm)
거실 창측 (실내깊이 150~300cm)
발코니 내측 (실내깊이 50~150cm)
발코니 창측 (실내깊이 0~50cm)",보통,21~25℃,0℃ 이하,40 ~ 70%,비료를 보통 요구함,"물빠짐이 좋은 토양 / 모래, 경석, 하이드로볼",토양 표면이 말랐을때 충분히 관수함,토양 표면이 말랐을때 충분히 관수함,토양 표면이 말랐을때 충분히 관수함,화분 흙 대부분 말랐을때 충분히 관수함,"응애,깍지벌레"
만데빌라,경험자,필요함,"중간 광도(800~1,500 Lux),높은 광도(1,500~10,000 Lux)","거실 창측 (실내깊이 150~300cm)
발코니 내측 (실내깊이 50~150cm)
발코니 창측 (실내깊이 0~50cm)",보통,16~20℃,13℃ 이상,40 ~ 70%,"비료를 보통 요구함(반희석한 수용성비료를 봄, 여름 2주에 한번 줌)","산성, 중성, 알칼리성 / 양질토, 모래 / 건조한토양",토양 표면이 말랐을때 충분히 관수함,토양 표면이 말랐을때 충분히 관수함,토양 표면이 말랐을때 충분히 관수함,화분 흙 대부분 말랐을때 충분히 관수함,"응애,깍지벌레,온실가루이"
멕시코소철,초보자,낮음 (잘 견딤),"중간 광도(800~1,500 Lux),높은 광도(1,500~10,000 Lux)","거실 창측 (실내깊이 150~300cm)
발코니 내측 (실내깊이 50~150cm)
발코니 창측 (실내깊이 0~50cm)",빠름,21~25℃,10℃,40 ~ 70%,비료를 거의 요구하지않음,"산성, 중성, 알칼리성 / 양질토, 모래",토양 표면이 말랐을때 충분히 관수함,토양 표면이 말랐을때 충분히 관수함,토양 표면이 말랐을때 충분히 관수함,화분 흙 대부분 말랐을때 충분히 관수함,"응애,깍지벌레"
멜라니 고무나무,경험자,필요함,"중간 광도(800~1,500 Lux),높은 광도(1,500~10,000 Lux)","거실 창측 (실내깊이 150~300cm)
발코니 내측 (실내깊이 50~150cm)
발코니 창측 (실내깊이 0~50cm)",보통,21~25℃,13℃ 이상,40 ~ 70%,"비료를 보통 요구함 (봄, 여름에 수용성 비료를 2주에 한번 줌)","산성, 중성, 알칼리성 / 양질토, 모래 / 건조한토양",토양 표면이 말랐을때 충분히 관수함,토양 표면이 말랐을때 충분히 관수함,토양 표면이 말랐을때 충분히 관수함,토양 표면이 말랐을때 충분히 관수함,"응애,깍지벌레,온실가루이"
목베고니아,초보자,보통 (약간 잘 견딤),"중간 광도(800~1,500 Lux),높은 광도(1,500~10,000 Lux)","거실 창측 (실내깊이 150~300cm)
발코니 내측 (실내깊이 50~150cm)
발코니 창측 (실내깊이 0~50cm)",보통,21~25℃,13℃ 이상,40 ~ 70%,비료를 보통 요구함,"중성(pH 6-7) / 모래, 식양토",흙을 촉촉하게 유지함(물에 잠기지 않도록 주의),흙을 촉촉하게 유지함(물에 잠기지 않도록 주의),흙을 촉촉하게 유지함(물에 잠기지 않도록 주의),토양 표면이 말랐을때 충분히 관수함,"응애,깍지벌레,총채벌레,온실가루이"
몬스테라,초보자,보통 (약간 잘 견딤),"중간 광도(800~1,500 Lux),높은 광도(1,500~10,000 Lux)","거실 창측 (실내깊이 150~300cm)
발코니 내측 (실내깊이 50~150cm)
발코니 창측 (실내깊이 0~50cm)",보통,16~20℃,13℃ 이상,70% 이상,"비료를 보통 요구함(봄, 여름에 수용성 비료를 2주에 한번 줌)","산성, 중성 / 양질토, 모래",흙을 촉촉하게 유지함(물에 잠기지 않도록 주의),흙을 촉촉하게 유지함(물에 잠기지 않도록 주의),흙을 촉촉하게 유지함(물에 잠기지 않도록 주의),토양 표면이 말랐을때 충분히 관수함,"응애,깍지벌레"
무늬관음죽,경험자,필요함,"중간 광도(800~1,500 Lux),높은 광도(1,500~10,000 Lux)","거실 내측 (실내깊이 300~500cm)
거실 창측 (실내깊이 150~300cm)
발코니 내측 (실내깊이 50~150cm)
발코니 창측 (실내깊이 0~50cm)",보통,16~20℃,10℃,40 ~ 70%,비료를 보통 요구함 (가을~봄 한달에 한번 수용성 비료 줌),"산성, 중성 / 양질토, 모래 / 건조한토양",토양 표면이 말랐을때 충분히 관수함,토양 표면이 말랐을때 충분히 관수함,토양 표면이 말랐을때 충분히 관수함,화분 흙 대부분 말랐을때 충분히 관수함,"응애,깍지벌레"
무늬마삭줄,초보자,보통 (약간 잘 견딤),"중간 광도(800~1,500 Lux),높은 광도(1,500~10,000 Lux)","거실 창측 (실내깊이 150~300cm)
발코니 내측 (실내깊이 50~150cm)
발코니 창측 (실내깊이 0~50cm)",보통,16~20℃,5℃,40 ~ 70%,비료를 보통 요구함 (수용성비료를 2~3개월에 한번씩 줌),"산성, 중성, 알칼리성 / 점토, 양질토, 모래 / 건조한토양",흙을 촉촉하게 유지함(물에 잠기지 않도록 주의),흙을 촉촉하게 유지함(물에 잠기지 않도록 주의),흙을 촉촉하게 유지함(물에 잠기지 않도록 주의),토양 표면이 말랐을때 충분히 관수함,"응애,깍지벌레"
무늬벤자민고무나무,초보자,보통 (약간 잘 견딤),"중간 광도(800~1,500 Lux),높은 광도(1,500~10,000 Lux)","거실 창측 (실내깊이 150~300cm)
발코니 내측 (실내깊이 50~150cm)
발코니 창측 (실내깊이 0~50cm)",느림,21~25℃,13℃ 이상,40 ~ 70%,비료를 보통 요구함,"산성, 중성, 알칼리성 / 양질토, 모래 / 건조하고 배수가 잘되는 토양",토양 표면이 말랐을때 충분히 관수함,토양 표면이 말랐을때 충분히 관수함,토양 표면이 말랐을때 충분히 관수함,화분 흙 대부분 말랐을때 충분히 관수함,"응애,깍지벌레"
무늬산호수,초보자,보통 (약간 잘 견딤),"중간 광도(800~1,500 Lux),높은 광도(1,500~10,000 Lux)","거실 창측 (실내깊이 150~300cm)
발코니 내측 (실내깊이 50~150cm)
발코니 창측 (실내깊이 0~50cm)",보통,21~25℃,0℃ 이하,40 ~ 70%,비료를 보통 요구함(완효성 비료를 한달에 한번 줌),산성 / 양질토 / 건조하고 배수가 잘되는 토양,토양 표면이 말랐을때 충분히 관수함,토양 표면이 말랐을때 충분히 관수함,토양 표면이 말랐을때 충분히 관수함,화분 흙 대부분 말랐을때 충분히 관수함,"응애,깍지벌레,온실가루이"
무늬석창포,초보자,낮음 (잘 견딤),"중간 광도(800~1,500 Lux),높은 광도(1,500~10,000 Lux)","거실 창측 (실내깊이 150~300cm)
발코니 내측 (실내깊이 50~150cm)
발코니 창측 (실내깊이 0~50cm)",느림,21~25℃,0℃ 이하,40 ~ 70%,비료를 보통 요구함,"산성, 중성 / 점토, 양질토, 모래",흙을 촉촉하게 유지함(물에 잠기지 않도록 주의),흙을 촉촉하게 유지함(물에 잠기지 않도록 주의),흙을 촉촉하게 유지함(물에 잠기지 않도록 주의),화분 흙 대부분 말랐을때 충분히 관수함,응애
무늬쉐플레라'홍콩',초보자,필요함,"중간 광도(800~1,500 Lux),높은 광도(1,500~10,000 Lux)","거실 창측 (실내깊이 150~300cm)
발코니 내측 (실내깊이 50~150cm)
발코니 창측 (실내깊이 0~50cm)",보통,21~25℃,13℃ 이상,40 ~ 70%,비료를 보통 요구함 (봄부터 초가을까지 한달에 1번 정도 줌),"산성, 중성, 알칼리성 / 양질토, 모래",토양 표면이 말랐을때 충분히 관수함,토양 표면이 말랐을때 충분히 관수함,토양 표면이 말랐을때 충분히 관수함,화분 흙 대부분 말랐을때 충분히 관수함,"응애,깍지벌레"
무늬알피니아,초보자,낮음 (잘 견딤),"중간 광도(800~1,500 Lux),높은 광도(1,500~10,000 Lux)","거실 창측 (실내깊이 150~300cm)
발코니 내측 (실내깊이 50~150cm)
발코니 창측 (실내깊이 0~50cm)",,21~25℃,13℃ 이상,40 ~ 70%,비료를 보통 요구함,,,,,,"응애,깍지벌레"
무늬유카,초보자,보통 (약간 잘 견딤),"중간 광도(800~1,500 Lux),높은 광도(1,500~10,000 Lux)","발코니 내측 (실내깊이 50~150cm)
발코니 창측 (실내깊이 0~50cm)",보통,21~25℃,7℃,40 ~ 70%,비료를 보통 요구함,가볍고 건조한 토양,토양 표면이 말랐을때 충분히 관수함,토양 표면이 말랐을때 충분히 관수함,토양 표면이 말랐을때 충분히 관수함,화분 흙 대부분 말랐을때 충분히 관수함,"응애,깍지벌레"
무늬접란,초보자,보통 (약간 잘 견딤),"중간 광도(800~1,500 Lux),높은 광도(1,500~10,000 Lux)","거실 창측 (실내깊이 150~300cm)
발코니 내측 (실내깊이 50~150cm)
발코니 창측 (실내깊이 0~50cm)",보통,21~25℃,13℃ 이상,40 ~ 70%,비료를 보통 요구함,"산성, 중성, 알칼리성 / 양질토, 모래",토양 표면이 말랐을때 충분히 관수함,토양 표면이 말랐을때 충분히 관수함,토양 표면이 말랐을때 충분히 관수함,화분 흙 대부분 말랐을때 충분히 관수함,"응애,깍지벌레,온실가루이"
무늬털머위,초보자,낮음 (잘 견딤),"중간 광도(800~1,500 Lux),높은 광도(1,500~10,000 Lux)","거실 창측 (실내깊이 150~300cm)
발코니 내측 (실내깊이 50~150cm)
발코니 창측 (실내깊이 0~50cm)",보통,16~20℃,5℃,40 ~ 70%,비료를 보통 요구함,"양질토, 모래",토양 표면이 말랐을때 충분히 관수함,토양 표면이 말랐을때 충분히 관수함,토양 표면이 말랐을때 충분히 관수함,토양 표면이 말랐을때 충분히 관수함,"응애,온실가루이"
무늬팻츠헤데라,,필요함,"중간 광도(800~1,500 Lux),높은 광도(1,500~10,000 Lux)","거실 창측 (실내깊이 150~300cm)
발코니 내측 (실내깊이 50~150cm)
발코니 창측 (실내깊이 0~50cm)",보통,16~20℃,5℃,40 ~ 70%,"비료를 보통 요구함 (유기비료, 수용성비료는 2주에 한번 줌)",,토양 표면이 말랐을때 충분히 관수함,토양 표면이 말랐을때 충분히 관수함,토양 표면이 말랐을때 충분히 관수함,화분 흙 대부분 말랐을때 충분히 관수함,"응애,깍지벌레,온실가루이"
무늬푸밀라고무나무,,보통 (약간 잘 견딤),"낮은 광도(300~800 Lux),중간 광도(800~1,500 Lux),높은 광도(1,500~10,000 Lux)","거실 내측 (실내깊이 300~500cm)
거실 창측 (실내깊이 150~300cm)
발코니 내측 (실내깊이 50~150cm)
발코니 창측 (실내깊이 0~50cm)",,21~25℃,7℃,40 ~ 70%,비료를 보통 요구함,,토양 표면이 말랐을때 충분히 관수함,토양 표면이 말랐을때 충분히 관수함,토양 표면이 말랐을때 충분히 관수함,화분 흙 대부분 말랐을때 충분히 관수함,"응애,온실가루이"
뮤렌베키아,,낮음 (잘 견딤),"낮은 광도(300~800 Lux),중간 광도(800~1,500 Lux)","거실 내측 (실내깊이 300~500cm)
거실 창측 (실내깊이 150~300cm)
발코니 내측 (실내깊이 50~150cm)",,16~20℃,10℃,40 ~ 70%,비료를 보통 요구함,,,,,,"진딧물,응애"
바위취,,보통 (약간 잘 견딤),"중간 광도(800~1,500 Lux),높은 광도(1,500~10,000 Lux)","거실 창측 (실내깊이 150~300cm)
발코니 내측 (실내깊이 50~150cm)
발코니 창측 (실내깊이 0~50cm)",빠름,16~20℃,0℃ 이하,40 ~ 70%,비료를 보통 요구함,,토양 표면이 말랐을때 충분히 관수함,토양 표면이 말랐을때 충분히 관수함,토양 표면이 말랐을때 충분히 관수함,화분 흙 대부분 말랐을때 충분히 관수함,"응애,온실가루이"
박쥐란,,,,,,,,,,,,,,,
백량금,,보통 (약간 잘 견딤),"낮은 광도(300~800 Lux),중간 광도(800~1,500 Lux),높은 광도(1,500~10,000 Lux)","실내 어두운 곳 (실내깊이 500 이상cm)
거실 내측 (실내깊이 300~500cm)
거실 창측 (실내깊이 150~300cm)
발코니 내측 (실내깊이 50~150cm)
발코니 창측 (실내깊이 0~50cm)",,16~20℃,5℃,40 ~ 70%,비료를 보통 요구함,,토양 표면이 말랐을때 충분히 관수함,토양 표면이 말랐을때 충분히 관수함,토양 표면이 말랐을때 충분히 관수함,토양 표면이 말랐을때 충분히 관수함,"응애,깍지벌레,온실가루이"
백정화,경험자,필요함,"중간 광도(800~1,500 Lux),높은 광도(1,500~10,000 Lux)","발코니 내측 (실내깊이 50~150cm)
발코니 창측 (실내깊이 0~50cm)",,16~20℃,5℃,40 ~ 70%,비료를 보통 요구함,,토양 표면이 말랐을때 충분히 관수함,토양 표면이 말랐을때 충분히 관수함,토양 표면이 말랐을때 충분히 관수함,화분 흙 대부분 말랐을때 충분히 관수함,"응애,깍지벌레"
백화등,,필요함,"중간 광도(800~1,500 Lux),높은 광도(1,500~10,000 Lux)","거실 창측 (실내깊이 150~300cm)
발코니 내측 (실내깊이 50~150cm)
발코니 창측 (실내깊이 0~50cm)",,16~20℃,0℃ 이하,40 ~ 70%,비료를 보통 요구함,,흙을 촉촉하게 유지함(물에 잠기지 않도록 주의),흙을 촉촉하게 유지함(물에 잠기지 않도록 주의),흙을 촉촉하게 유지함(물에 잠기지 않도록 주의),토양 표면이 말랐을때 충분히 관수함,"응애,깍지벌레"
벤자민고무나무,,보통 (약간 잘 견딤),"중간 광도(800~1,500 Lux),높은 광도(1,500~10,000 Lux)","거실 내측 (실내깊이 300~500cm)
발코니 내측 (실내깊이 50~150cm)
발코니 창측 (실내깊이 0~50cm)",,21~25℃,13℃ 이상,40 ~ 70%,비료를 보통 요구함,,토양 표면이 말랐을때 충분히 관수함,토양 표면이 말랐을때 충분히 관수함,토양 표면이 말랐을때 충분히 관수함,토양 표면이 말랐을때 충분히 관수함,"응애,깍지벌레"
벤자민고무나무 '킹',,필요함,"낮은 광도(300~800 Lux),중간 광도(800~1,500 Lux),높은 광도(1,500~10,000 Lux)","거실 내측 (실내깊이 300~500cm)
거실 창측 (실내깊이 150~300cm)
발코니 내측 (실내깊이 50~150cm)
발코니 창측 (실내깊이 0~50cm)",,21~25℃,13℃ 이상,40 ~ 70%,비료를 보통 요구함,,토양 표면이 말랐을때 충분히 관수함,토양 표면이 말랐을때 충분히 관수함,토양 표면이 말랐을때 충분히 관수함,토양 표면이 말랐을때 충분히 관수함,"응애,깍지벌레"
벵갈고무나무,,보통 (약간 잘 견딤),"중간 광도(800~1,500 Lux),높은 광도(1,500~10,000 Lux)","거실 창측 (실내깊이 150~300cm)
발코니 내측 (실내깊이 50~150cm)
발코니 창측 (실내깊이 0~50cm)",,21~25℃,13℃ 이상,40 ~ 70%,비료를 보통 요구함,,토양 표면이 말랐을때 충분히 관수함,토양 표면이 말랐을때 충분히 관수함,토양 표면이 말랐을때 충분히 관수함,토양 표면이 말랐을때 충분히 관수함,"응애,깍지벌레"
병솔나무,경험자,필요함,"높은 광도(1,500~10,000 Lux)","거실 창측 (실내깊이 150~300cm)
발코니 내측 (실내깊이 50~150cm)
발코니 창측 (실내깊이 0~50cm)",보통,21~25℃,7℃,40 ~ 70%,,,토양 표면이 말랐을때 충분히 관수함,토양 표면이 말랐을때 충분히 관수함,토양 표면이 말랐을때 충분히 관수함,화분 흙 대부분 말랐을때 충분히 관수함,"응애,깍지벌레"
보스톤고사리,초보자,보통 (약간 잘 견딤),"중간 광도(800~1,500 Lux),높은 광도(1,500~10,000 Lux)","거실 내측 (실내깊이 300~500cm)
거실 창측 (실내깊이 150~300cm)
발코니 내측 (실내깊이 50~150cm)",빠름,16~20℃,13℃ 이상,70% 이상,"비료를 보통 요구함, 새 잎이 나올 때에는 주 1회 낮은 농도로 액비를 주고 겨울에는 월 1회 정도로 준다",,흙을 촉촉하게 유지함(물에 잠기지 않도록 주의),흙을 촉촉하게 유지함(물에 잠기지 않도록 주의),흙을 촉촉하게 유지함(물에 잠기지 않도록 주의),토양 표면이 말랐을때 충분히 관수함,"진딧물,응애,깍지벌레,온실가루이"
봉의꼬리,,보통 (약간 잘 견딤),"중간 광도(800~1,500 Lux),높은 광도(1,500~10,000 Lux)","거실 내측 (실내깊이 300~500cm)
거실 창측 (실내깊이 150~300cm)
발코니 내측 (실내깊이 50~150cm)",,16~20℃,5℃,70% 이상,비료를 보통 요구함,,흙을 촉촉하게 유지함(물에 잠기지 않도록 주의),흙을 촉촉하게 유지함(물에 잠기지 않도록 주의),흙을 촉촉하게 유지함(물에 잠기지 않도록 주의),토양 표면이 말랐을때 충분히 관수함,"응애,깍지벌레"
부겐빌레아,초보자,필요함,"중간 광도(800~1,500 Lux),높은 광도(1,500~10,000 Lux)","거실 창측 (실내깊이 150~300cm)
발코니 내측 (실내깊이 50~150cm)
발코니 창측 (실내깊이 0~50cm)",빠름,21~25℃,13℃ 이상,40 ~ 70%,비료를 보통 요구함,,흙을 촉촉하게 유지함(물에 잠기지 않도록 주의),흙을 촉촉하게 유지함(물에 잠기지 않도록 주의),흙을 촉촉하게 유지함(물에 잠기지 않도록 주의),흙을 촉촉하게 유지함(물에 잠기지 않도록 주의),"응애,깍지벌레,온실가루이"
브룬펠시아,초보자,필요함,"중간 광도(800~1,500 Lux),높은 광도(1,500~10,000 Lux)","거실 창측 (실내깊이 150~300cm)
발코니 내측 (실내깊이 50~150cm)
발코니 창측 (실내깊이 0~50cm)",빠름,21~25℃,10℃,40 ~ 70%,비료를 보통 요구함,,토양 표면이 말랐을때 충분히 관수함,토양 표면이 말랐을때 충분히 관수함,토양 표면이 말랐을때 충분히 관수함,화분 흙 대부분 말랐을때 충분히 관수함,"응애,깍지벌레,온실가루이"
브리세아,초보자,필요함,"중간 광도(800~1,500 Lux),높은 광도(1,500~10,000 Lux)","거실 창측 (실내깊이 150~300cm)
발코니 내측 (실내깊이 50~150cm)
발코니 창측 (실내깊이 0~50cm)",빠름,21~25℃,13℃ 이상,40 ~ 70%,비료를 보통 요구함,,흙을 촉촉하게 유지함(물에 잠기지 않도록 주의),흙을 촉촉하게 유지함(물에 잠기지 않도록 주의),흙을 촉촉하게 유지함(물에 잠기지 않도록 주의),토양 표면이 말랐을때 충분히 관수함,"응애,깍지벌레"
비젯티접란,,보통 (약간 잘 견딤),"낮은 광도(300~800 Lux),중간 광도(800~1,500 Lux),높은 광도(1,500~10,000 Lux)","거실 창측 (실내깊이 150~300cm)
발코니 내측 (실내깊이 50~150cm)
발코니 창측 (실내깊이 0~50cm)",,21~25℃,10℃,40 ~ 70%,비료를 보통 요구함,,토양 표면이 말랐을때 충분히 관수함,토양 표면이 말랐을때 충분히 관수함,토양 표면이 말랐을때 충분히 관수함,화분 흙 대부분 말랐을때 충분히 관수함,"응애,온실가루이"
비타툼접란,,보통 (약간 잘 견딤),"낮은 광도(300~800 Lux),중간 광도(800~1,500 Lux),높은 광도(1,500~10,000 Lux)","거실 창측 (실내깊이 150~300cm)
발코니 내측 (실내깊이 50~150cm)
발코니 창측 (실내깊이 0~50cm)",,21~25℃,7℃,40% 미만,비료를 보통 요구함,포름알데히드,토양 표면이 말랐을때 충분히 관수함,토양 표면이 말랐을때 충분히 관수함,토양 표면이 말랐을때 충분히 관수함,화분 흙 대부분 말랐을때 충분히 관수함,"응애,온실가루이"
산세베리아,초보자,낮음 (잘 견딤),"낮은 광도(300~800 Lux),중간 광도(800~1,500 Lux),높은 광도(1,500~10,000 Lux)","실내 어두운 곳 (실내깊이 500 이상cm)
거실 내측 (실내깊이 300~500cm)
거실 창측 (실내깊이 150~300cm)
발코니 내측 (실내깊이 50~150cm)
발코니 창측 (실내깊이 0~50cm)",빠름,21~25℃,13℃ 이상,40 ~ 70%,비료를 거의 요구하지않음,,토양 표면이 말랐을때 충분히 관수함,토양 표면이 말랐을때 충분히 관수함,토양 표면이 말랐을때 충분히 관수함,화분 흙 대부분 말랐을때 충분히 관수함,"응애,깍지벌레,총채벌레,개각충"
산세베리아 '골든 하니',초보자,낮음 (잘 견딤),"낮은 광도(300~800 Lux),중간 광도(800~1,500 Lux),높은 광도(1,500~10,000 Lux)","실내 어두운 곳 (실내깊이 500 이상cm)
거실 내측 (실내깊이 300~500cm)
거실 창측 (실내깊이 150~300cm)
발코니 내측 (실내깊이 50~150cm)
발코니 창측 (실내깊이 0~50cm)",느림,21~25℃,13℃ 이상,40 ~ 70%,비료를 거의 요구하지않음,,토양 표면이 말랐을때 충분히 관수함,토양 표면이 말랐을때 충분히 관수함,토양 표면이 말랐을때 충분히 관수함,화분 흙 대부분 말랐을때 충분히 관수함,"응애,깍지벌레"
산호수,초보자,낮음 (잘 견딤),"낮은 광도(300~800 Lux),중간 광도(800~1,500 Lux),높은 광도(1,500~10,000 Lux)","거실 내측 (실내깊이 300~500cm)
거실 창측 (실내깊이 150~300cm)
발코니 내측 (실내깊이 50~150cm)",빠름,16~20℃,5℃,40 ~ 70%,비료를 보통 요구함,,토양 표면이 말랐을때 충분히 관수함,토양 표면이 말랐을때 충분히 관수함,토양 표면이 말랐을때 충분히 관수함,화분 흙 대부분 말랐을때 충분히 관수함,"응애,깍지벌레"
삼색데코라고무나무,초보자,보통 (약간 잘 견딤),"중간 광도(800~1,500 Lux),높은 광도(1,500~10,000 Lux)","거실 창측 (실내깊이 150~300cm)
발코니 내측 (실내깊이 50~150cm)
발코니 창측 (실내깊이 0~50cm)",느림,21~25℃,13℃ 이상,40 ~ 70%,비료를 보통 요구함,,토양 표면이 말랐을때 충분히 관수함,토양 표면이 말랐을때 충분히 관수함,토양 표면이 말랐을때 충분히 관수함,화분 흙 대부분 말랐을때 충분히 관수함,"응애,깍지벌레"
상록넉줄고사리 '후마타',초보자,보통 (약간 잘 견딤),"낮은 광도(300~800 Lux),중간 광도(800~1,500 Lux),높은 광도(1,500~10,000 Lux)","실내 어두운 곳 (실내깊이 500 이상cm)
거실 내측 (실내깊이 300~500cm)
거실 창측 (실내깊이 150~300cm)
발코니 내측 (실내깊이 50~150cm)
발코니 창측 (실내깊이 0~50cm)",빠름,16~20℃,5℃,70% 이상,비료를 보통 요구함,배수가 잘되는 토양이 좋다.,흙을 촉촉하게 유지함(물에 잠기지 않도록 주의),흙을 촉촉하게 유지함(물에 잠기지 않도록 주의),흙을 촉촉하게 유지함(물에 잠기지 않도록 주의),토양 표면이 말랐을때 충분히 관수함,"응애,온실가루이"
새우란,경험자,필요함,"중간 광도(800~1,500 Lux)","발코니 내측 (실내깊이 50~150cm)
발코니 창측 (실내깊이 0~50cm)",느림,21~25℃,7℃,40 ~ 70%,꽃이 진 후 시비,,토양 표면이 말랐을때 충분히 관수함,토양 표면이 말랐을때 충분히 관수함,토양 표면이 말랐을때 충분히 관수함,화분 흙 대부분 말랐을때 충분히 관수함,"응애,온실가루이"
석창포,초보자,낮음 (잘 견딤),"중간 광도(800~1,500 Lux),높은 광도(1,500~10,000 Lux)","거실 창측 (실내깊이 150~300cm)
발코니 내측 (실내깊이 50~150cm)
발코니 창측 (실내깊이 0~50cm)",느림,16~20℃,0℃ 이하,40 ~ 70%,비료를 보통 요구함,,흙을 촉촉하게 유지함(물에 잠기지 않도록 주의),흙을 촉촉하게 유지함(물에 잠기지 않도록 주의),흙을 촉촉하게 유지함(물에 잠기지 않도록 주의),토양 표면이 말랐을때 충분히 관수함,응애
세네시오 라디칸스,초보자,필요함,"중간 광도(800~1,500 Lux),높은 광도(1,500~10,000 Lux)","거실 창측 (실내깊이 150~300cm)
발코니 내측 (실내깊이 50~150cm)
발코니 창측 (실내깊이 0~50cm)",빠름,21~25℃,13℃ 이상,40% 미만,비료를 보통 요구함,,토양 표면이 말랐을때 충분히 관수함,토양 표면이 말랐을때 충분히 관수함,토양 표면이 말랐을때 충분히 관수함,토양 표면이 말랐을때 충분히 관수함,"진딧물,응애,깍지벌레"
세이프릿지 야자,,필요함,"중간 광도(800~1,500 Lux),높은 광도(1,500~10,000 Lux)","발코니 내측 (실내깊이 50~150cm)
발코니 창측 (실내깊이 0~50cm)",,21~25℃,13℃ 이상,40 ~ 70%,비료를 보통 요구함,,토양 표면이 말랐을때 충분히 관수함,토양 표면이 말랐을때 충분히 관수함,토양 표면이 말랐을때 충분히 관수함,토양 표면이 말랐을때 충분히 관수함,"응애,깍지벌레"
셀라기넬라,,필요함,"중간 광도(800~1,500 Lux),높은 광도(1,500~10,000 Lux)","거실 창측 (실내깊이 150~300cm)
발코니 내측 (실내깊이 50~150cm)
발코니 창측 (실내깊이 0~50cm)",보통,21~25℃,13℃ 이상,70% 이상,"비료를 보통 요구함 (2회/년, 4월, 7월)",,흙을 촉촉하게 유지함(물에 잠기지 않도록 주의),흙을 촉촉하게 유지함(물에 잠기지 않도록 주의),흙을 촉촉하게 유지함(물에 잠기지 않도록 주의),토양 표면이 말랐을때 충분히 관수함,"응애,깍지벌레"
소철,초보자,낮음 (잘 견딤),"중간 광도(800~1,500 Lux),높은 광도(1,500~10,000 Lux)","거실 내측 (실내깊이 300~500cm)
거실 창측 (실내깊이 150~300cm)
발코니 내측 (실내깊이 50~150cm)
발코니 창측 (실내깊이 0~50cm)",,21~25℃,5℃,40 ~ 70%,비료를 보통 요구함,,토양 표면이 말랐을때 충분히 관수함,토양 표면이 말랐을때 충분히 관수함,토양 표면이 말랐을때 충분히 관수함,화분 흙 대부분 말랐을때 충분히 관수함,"응애,깍지벌레"
소피아 고무나무,,필요함,"낮은 광도(300~800 Lux),중간 광도(800~1,500 Lux),높은 광도(1,500~10,000 Lux)","거실 내측 (실내깊이 300~500cm)
거실 창측 (실내깊이 150~300cm)
발코니 내측 (실내깊이 50~150cm)
발코니 창측 (실내깊이 0~50cm)",보통,,13℃ 이상,40 ~ 70%,비료를 보통 요구함,,토양 표면이 말랐을때 충분히 관수함,토양 표면이 말랐을때 충분히 관수함,토양 표면이 말랐을때 충분히 관수함,화분 흙 대부분 말랐을때 충분히 관수함,"응애,깍지벌레"
솔레이롤리아,,낮음 (잘 견딤),"중간 광도(800~1,500 Lux),높은 광도(1,500~10,000 Lux)","거실 창측 (실내깊이 150~300cm)
발코니 내측 (실내깊이 50~150cm)
발코니 창측 (실내깊이 0~50cm)",보통,16~20℃,5℃,40 ~ 70%,비료를 보통 요구함,,화분 흙 대부분 말랐을때 충분히 관수함,화분 흙 대부분 말랐을때 충분히 관수함,화분 흙 대부분 말랐을때 충분히 관수함,화분 흙 대부분 말랐을때 충분히 관수함,"응애,온실가루이"
수박페페로미아,경험자,필요함,"중간 광도(800~1,500 Lux),높은 광도(1,500~10,000 Lux)","거실 창측 (실내깊이 150~300cm)
발코니 내측 (실내깊이 50~150cm)
발코니 창측 (실내깊이 0~50cm)",보통,21~25℃,13℃ 이상,40 ~ 70%,비료를 보통 요구함,,토양 표면이 말랐을때 충분히 관수함,토양 표면이 말랐을때 충분히 관수함,토양 표면이 말랐을때 충분히 관수함,화분 흙 대부분 말랐을때 충분히 관수함,"응애,깍지벌레"
수박필레아,,특별 관리 요구,"중간 광도(800~1,500 Lux),높은 광도(1,500~10,000 Lux)","거실 창측 (실내깊이 150~300cm)
발코니 내측 (실내깊이 50~150cm)
발코니 창측 (실내깊이 0~50cm)",,21~25℃,13℃ 이상,40 ~ 70%,비료를 보통 요구함,,토양 표면이 말랐을때 충분히 관수함,토양 표면이 말랐을때 충분히 관수함,토양 표면이 말랐을때 충분히 관수함,화분 흙 대부분 말랐을때 충분히 관수함,"응애,깍지벌레,온실가루이"
수염 틸란드시아,경험자,필요함,"중간 광도(800~1,500 Lux),높은 광도(1,500~10,000 Lux)","거실 내측 (실내깊이 300~500cm)
거실 창측 (실내깊이 150~300cm)
발코니 내측 (실내깊이 50~150cm)
발코니 창측 (실내깊이 0~50cm)",느림,21~25℃,13℃ 이상,70% 이상,비료를 거의 요구하지않음,,,,,,
숙근이베리스,경험자,필요함,"높은 광도(1,500~10,000 Lux)","거실 창측 (실내깊이 150~300cm)
발코니 내측 (실내깊이 50~150cm)
발코니 창측 (실내깊이 0~50cm)",느림,21~25℃,10℃,40 ~ 70%,,,토양 표면이 말랐을때 충분히 관수함,토양 표면이 말랐을때 충분히 관수함,토양 표면이 말랐을때 충분히 관수함,화분 흙 대부분 말랐을때 충분히 관수함,"진딧물,응애"
쉐플레라 '홍콩',초보자,보통 (약간 잘 견딤),"낮은 광도(300~800 Lux),중간 광도(800~1,500 Lux),높은 광도(1,500~10,000 Lux)","실내 어두운 곳 (실내깊이 500 이상cm)
거실 내측 (실내깊이 300~500cm)
거실 창측 (실내깊이 150~300cm)
발코니 내측 (실내깊이 50~150cm)
발코니 창측 (실내깊이 0~50cm)",,21~25℃,7℃,40 ~ 70%,비료를 보통 요구함,,토양 표면이 말랐을때 충분히 관수함,토양 표면이 말랐을때 충분히 관수함,토양 표면이 말랐을때 충분히 관수함,화분 흙 대부분 말랐을때 충분히 관수함,"응애,깍지벌레"
스킨답서스,,보통 (약간 잘 견딤),"낮은 광도(300~800 Lux),중간 광도(800~1,500 Lux),높은 광도(1,500~10,000 Lux)","실내 어두운 곳 (실내깊이 500 이상cm)
거실 내측 (실내깊이 300~500cm)
거실 창측 (실내깊이 150~300cm)
발코니 내측 (실내깊이 50~150cm)
발코니 창측 (실내깊이 0~50cm)",,21~25℃,13℃ 이상,40 ~ 70%,비료를 보통 요구함,포름알데히드,토양 표면이 말랐을때 충분히 관수함,토양 표면이 말랐을때 충분히 관수함,토양 표면이 말랐을때 충분히 관수함,화분 흙 대부분 말랐을때 충분히 관수함,"응애,깍지벌레"
스파티필룸,경험자,보통 (약간 잘 견딤),"낮은 광도(300~800 Lux),중간 광도(800~1,500 Lux),높은 광도(1,500~10,000 Lux)","실내 어두운 곳 (실내깊이 500 이상cm)
거실 내측 (실내깊이 300~500cm)
거실 창측 (실내깊이 150~300cm)
발코니 내측 (실내깊이 50~150cm)
발코니 창측 (실내깊이 0~50cm)",,21~25℃,13℃ 이상,40 ~ 70%,비료를 많이 요구함,,토양 표면이 말랐을때 충분히 관수함,토양 표면이 말랐을때 충분히 관수함,토양 표면이 말랐을때 충분히 관수함,화분 흙 대부분 말랐을때 충분히 관수함,"응애,깍지벌레"
스파티필룸 (광엽),,보통 (약간 잘 견딤),"낮은 광도(300~800 Lux),중간 광도(800~1,500 Lux),높은 광도(1,500~10,000 Lux)","실내 어두운 곳 (실내깊이 500 이상cm)
거실 내측 (실내깊이 300~500cm)
거실 창측 (실내깊이 150~300cm)
발코니 내측 (실내깊이 50~150cm)
발코니 창측 (실내깊이 0~50cm)",,21~25℃,13℃ 이상,40 ~ 70%,비료를 많이 요구함,,토양 표면이 말랐을때 충분히 관수함,토양 표면이 말랐을때 충분히 관수함,토양 표면이 말랐을때 충분히 관수함,화분 흙 대부분 말랐을때 충분히 관수함,"응애,깍지벌레"
시서스,경험자,보통 (약간 잘 견딤),"중간 광도(800~1,500 Lux),높은 광도(1,500~10,000 Lux)","거실 내측 (실내깊이 300~500cm)
거실 창측 (실내깊이 150~300cm)
발코니 내측 (실내깊이 50~150cm)
발코니 창측 (실내깊이 0~50cm)",,21~25℃,13℃ 이상,40 ~ 70%,비료를 보통 요구함,부식토,토양 표면이 말랐을때 충분히 관수함,토양 표면이 말랐을때 충분히 관수함,토양 표면이 말랐을때 충분히 관수함,토양 표면이 말랐을때 충분히 관수함,"응애,깍지벌레,온실가루이"
시클라멘,전문가,필요함,"중간 광도(800~1,500 Lux),높은 광도(1,500~10,000 Lux)","거실 창측 (실내깊이 150~300cm)
발코니 내측 (실내깊이 50~150cm)
발코니 창측 (실내깊이 0~50cm)",느림,16~20℃,7℃,40 ~ 70%,비료를 보통 요구함,,토양 표면이 말랐을때 충분히 관수함,,토양 표면이 말랐을때 충분히 관수함,토양 표면이 말랐을때 충분히 관수함,"진딧물,응애,온실가루이"
심비디움,전문가,필요함,"중간 광도(800~1,500 Lux),높은 광도(1,500~10,000 Lux)","발코니 내측 (실내깊이 50~150cm)
발코니 창측 (실내깊이 0~50cm)",보통,21~25℃,10℃,70% 이상,,,화분 흙 대부분 말랐을때 충분히 관수함,토양 표면이 말랐을때 충분히 관수함,토양 표면이 말랐을때 충분히 관수함,화분 흙 대부분 말랐을때 충분히 관수함,"응애,깍지벌레"
싱고니움,경험자,필요함,"중간 광도(800~1,500 Lux),높은 광도(1,500~10,000 Lux)","거실 창측 (실내깊이 150~300cm)
발코니 내측 (실내깊이 50~150cm)
발코니 창측 (실내깊이 0~50cm)",,21~25℃,10℃,40 ~ 70%,비료를 보통 요구함,,흙을 촉촉하게 유지함(물에 잠기지 않도록 주의),흙을 촉촉하게 유지함(물에 잠기지 않도록 주의),토양 표면이 말랐을때 충분히 관수함,화분 흙 대부분 말랐을때 충분히 관수함,"응애,깍지벌레,온실가루이"
아글라오네마,경험자,보통 (약간 잘 견딤),"낮은 광도(300~800 Lux),중간 광도(800~1,500 Lux),높은 광도(1,500~10,000 Lux)","실내 어두운 곳 (실내깊이 500 이상cm)
거실 내측 (실내깊이 300~500cm)
거실 창측 (실내깊이 150~300cm)
발코니 내측 (실내깊이 50~150cm)
발코니 창측 (실내깊이 0~50cm)",보통,21~25℃,13℃ 이상,40 ~ 70%,비료를 보통 요구함,,토양 표면이 말랐을때 충분히 관수함,토양 표면이 말랐을때 충분히 관수함,토양 표면이 말랐을때 충분히 관수함,화분 흙 대부분 말랐을때 충분히 관수함,"응애,깍지벌레,온실가루이"
아데니움,경험자,보통 (약간 잘 견딤),"높은 광도(1,500~10,000 Lux)","거실 창측 (실내깊이 150~300cm)
발코니 내측 (실내깊이 50~150cm)
발코니 창측 (실내깊이 0~50cm)",느림,21~25℃,13℃ 이상,40 ~ 70%,"비료를 보통 요구함(2회/년, 4월, 7월)",배수 잘 됨,화분 흙 대부분 말랐을때 충분히 관수함,화분 흙 대부분 말랐을때 충분히 관수함,화분 흙 대부분 말랐을때 충분히 관수함,화분 흙 대부분 말랐을때 충분히 관수함,"응애,깍지벌레,온실가루이"
아디안텀,경험자,특별 관리 요구,"중간 광도(800~1,500 Lux),높은 광도(1,500~10,000 Lux)","거실 창측 (실내깊이 150~300cm)
발코니 내측 (실내깊이 50~150cm)
발코니 창측 (실내깊이 0~50cm)",,21~25℃,13℃ 이상,40 ~ 70%,비료를 보통 요구함,,토양 표면이 말랐을때 충분히 관수함,토양 표면이 말랐을때 충분히 관수함,토양 표면이 말랐을때 충분히 관수함,화분 흙 대부분 말랐을때 충분히 관수함,응애
아라우카리아,초보자,낮음 (잘 견딤),"중간 광도(800~1,500 Lux),높은 광도(1,500~10,000 Lux)","거실 내측 (실내깊이 300~500cm)
거실 창측 (실내깊이 150~300cm)
발코니 내측 (실내깊이 50~150cm)
발코니 창측 (실내깊이 0~50cm)",,21~25℃,5℃,40 ~ 70%,비료를 보통 요구함,,토양 표면이 말랐을때 충분히 관수함,토양 표면이 말랐을때 충분히 관수함,토양 표면이 말랐을때 충분히 관수함,화분 흙 대부분 말랐을때 충분히 관수함,"응애,깍지벌레"
아레카야자,경험자,필요함,"중간 광도(800~1,500 Lux),높은 광도(1,500~10,000 Lux)","거실 창측 (실내깊이 150~300cm)
발코니 내측 (실내깊이 50~150cm)
발코니 창측 (실내깊이 0~50cm)",빠름,21~25℃,13℃ 이상,40 ~ 70%,비료를 많이 요구함,증산율이 높기 때문에 수경재배나 지하관수로도 키울 수 있다. 수경재배나 지하관수를 하면,토양 표면이 말랐을때 충분히 관수함,토양 표면이 말랐을때 충분히 관수함,토양 표면이 말랐을때 충분히 관수함,토양 표면이 말랐을때 충분히 관수함,"응애,깍지벌레"
아마릴리스,초보자,낮음 (잘 견딤),"높은 광도(1,500~10,000 Lux)","발코니 내측 (실내깊이 50~150cm)
발코니 창측 (실내깊이 0~50cm)",보통,21~25℃,7℃,40 ~ 70%,,,토양 표면이 말랐을때 충분히 관수함,흙을 촉촉하게 유지함(물에 잠기지 않도록 주의),토양 표면이 말랐을때 충분히 관수함,화분 흙 대부분 말랐을때 충분히 관수함,응애
아스파라거스 풀루모수스,,필요함,"중간 광도(800~1,500 Lux),높은 광도(1,500~10,000 Lux)","거실 창측 (실내깊이 150~300cm)
발코니 내측 (실내깊이 50~150cm)
발코니 창측 (실내깊이 0~50cm)",,21~25℃,10℃,40 ~ 70%,비료를 보통 요구함,,흙을 촉촉하게 유지함(물에 잠기지 않도록 주의),흙을 촉촉하게 유지함(물에 잠기지 않도록 주의),흙을 촉촉하게 유지함(물에 잠기지 않도록 주의),토양 표면이 말랐을때 충분히 관수함,응애
아스플레니움,경험자,필요함,"중간 광도(800~1,500 Lux),높은 광도(1,500~10,000 Lux)","거실 내측 (실내깊이 300~500cm)
거실 창측 (실내깊이 150~300cm)
발코니 내측 (실내깊이 50~150cm)
발코니 창측 (실내깊이 0~50cm)",,21~25℃,10℃,40 ~ 70%,"비료를 보통 요구함 (1회/년, 봄)",,항상 흙을 축축하게 유지함(물에 잠김),항상 흙을 축축하게 유지함(물에 잠김),항상 흙을 축축하게 유지함(물에 잠김),토양 표면이 말랐을때 충분히 관수함,"응애,깍지벌레"
아왜나무,초보자,낮음 (잘 견딤),"중간 광도(800~1,500 Lux),높은 광도(1,500~10,000 Lux)","거실 내측 (실내깊이 300~500cm)
거실 창측 (실내깊이 150~300cm)
발코니 내측 (실내깊이 50~150cm)
발코니 창측 (실내깊이 0~50cm)",보통,16~20℃,0℃ 이하,40 ~ 70%,비료를 보통 요구함,,토양 표면이 말랐을때 충분히 관수함,토양 표면이 말랐을때 충분히 관수함,토양 표면이 말랐을때 충분히 관수함,화분 흙 대부분 말랐을때 충분히 관수함,"응애,깍지벌레"
아이비,초보자,낮음 (잘 견딤),"중간 광도(800~1,500 Lux),높은 광도(1,500~10,000 Lux)","거실 내측 (실내깊이 300~500cm)
거실 창측 (실내깊이 150~300cm)
발코니 내측 (실내깊이 50~150cm)
발코니 창측 (실내깊이 0~50cm)",빠름,16~20℃,5℃,40 ~ 70%,비료를 보통 요구함,,흙을 촉촉하게 유지함(물에 잠기지 않도록 주의),흙을 촉촉하게 유지함(물에 잠기지 않도록 주의),흙을 촉촉하게 유지함(물에 잠기지 않도록 주의),토양 표면이 말랐을때 충분히 관수함,"응애,깍지벌레"
아펠란드라,,필요함,"중간 광도(800~1,500 Lux),높은 광도(1,500~10,000 Lux)","거실 창측 (실내깊이 150~300cm)
발코니 내측 (실내깊이 50~150cm)
발코니 창측 (실내깊이 0~50cm)",,21~25℃,13℃ 이상,40 ~ 70%,비료를 보통 요구함,,토양 표면이 말랐을때 충분히 관수함,토양 표면이 말랐을때 충분히 관수함,토양 표면이 말랐을때 충분히 관수함,화분 흙 대부분 말랐을때 충분히 관수함,"응애,깍지벌레,온실가루이"
아프리칸 바이올렛,경험자,필요함,"중간 광도(800~1,500 Lux),높은 광도(1,500~10,000 Lux)","거실 창측 (실내깊이 150~300cm)
발코니 내측 (실내깊이 50~150cm)
발코니 창측 (실내깊이 0~50cm)",,16~20℃,13℃ 이상,40 ~ 70%,비료를 보통 요구함,,토양 표면이 말랐을때 충분히 관수함,토양 표면이 말랐을때 충분히 관수함,토양 표면이 말랐을때 충분히 관수함,토양 표면이 말랐을때 충분히 관수함,"응애,깍지벌레,온실가루이"
안수리움,경험자,필요함,"중간 광도(800~1,500 Lux),높은 광도(1,500~10,000 Lux)","거실 창측 (실내깊이 150~300cm)
발코니 내측 (실내깊이 50~150cm)
발코니 창측 (실내깊이 0~50cm)",,21~25℃,13℃ 이상,40 ~ 70%,비료를 보통 요구함,"포름알데히드, 자일렌, 암모니아",토양 표면이 말랐을때 충분히 관수함,토양 표면이 말랐을때 충분히 관수함,토양 표면이 말랐을때 충분히 관수함,토양 표면이 말랐을때 충분히 관수함,"응애,깍지벌레"
알로카시아 아마조니카,전문가,필요함,"중간 광도(800~1,500 Lux),높은 광도(1,500~10,000 Lux)","거실 창측 (실내깊이 150~300cm)
발코니 내측 (실내깊이 50~150cm)
발코니 창측 (실내깊이 0~50cm)",,21~25℃,13℃ 이상,40 ~ 70%,비료를 보통 요구함,,흙을 촉촉하게 유지함(물에 잠기지 않도록 주의),흙을 촉촉하게 유지함(물에 잠기지 않도록 주의),흙을 촉촉하게 유지함(물에 잠기지 않도록 주의),토양 표면이 말랐을때 충분히 관수함,"응애,깍지벌레"
알로카시아 쿠쿨라타,초보자,보통 (약간 잘 견딤),"중간 광도(800~1,500 Lux),높은 광도(1,500~10,000 Lux)","거실 내측 (실내깊이 300~500cm)
거실 창측 (실내깊이 150~300cm)
발코니 내측 (실내깊이 50~150cm)
발코니 창측 (실내깊이 0~50cm)",,16~20℃,13℃ 이상,40 ~ 70%,비료를 보통 요구함,,흙을 촉촉하게 유지함(물에 잠기지 않도록 주의),흙을 촉촉하게 유지함(물에 잠기지 않도록 주의),흙을 촉촉하게 유지함(물에 잠기지 않도록 주의),토양 표면이 말랐을때 충분히 관수함,"응애,깍지벌레"
얼룩자주달개비,초보자,보통 (약간 잘 견딤),"중간 광도(800~1,500 Lux),높은 광도(1,500~10,000 Lux)","거실 창측 (실내깊이 150~300cm)
발코니 내측 (실내깊이 50~150cm)
발코니 창측 (실내깊이 0~50cm)",,21~25℃,10℃,40 ~ 70%,비료를 보통 요구함,,토양 표면이 말랐을때 충분히 관수함,토양 표면이 말랐을때 충분히 관수함,토양 표면이 말랐을때 충분히 관수함,화분 흙 대부분 말랐을때 충분히 관수함,"응애,깍지벌레"
에메랄드리플 페페로미아,경험자,필요함,"중간 광도(800~1,500 Lux),높은 광도(1,500~10,000 Lux)","거실 내측 (실내깊이 300~500cm)
거실 창측 (실내깊이 150~300cm)
발코니 내측 (실내깊이 50~150cm)",느림,21~25℃,13℃ 이상,40 ~ 70%,비료를 보통 요구함,,,,,,"응애,깍지벌레"
에크메아 파시아타,경험자,보통 (약간 잘 견딤),"중간 광도(800~1,500 Lux),높은 광도(1,500~10,000 Lux)","거실 창측 (실내깊이 150~300cm)
발코니 내측 (실내깊이 50~150cm)
발코니 창측 (실내깊이 0~50cm)",보통,21~25℃,13℃ 이상,40 ~ 70%,비료를 보통 요구함,포름알데히드,토양 표면이 말랐을때 충분히 관수함,토양 표면이 말랐을때 충분히 관수함,토양 표면이 말랐을때 충분히 관수함,토양 표면이 말랐을때 충분히 관수함,"응애,깍지벌레"
엘라티올 베고니아,경험자,보통 (약간 잘 견딤),"높은 광도(1,500~10,000 Lux)","거실 창측 (실내깊이 150~300cm)
발코니 내측 (실내깊이 50~150cm)
발코니 창측 (실내깊이 0~50cm)",보통,21~25℃,13℃ 이상,40 ~ 70%,"비료를 보통 요구함 (2주, 개화시 제외)","중성,산성 / 배수 잘 됨 / 타입-Loam",토양 표면이 말랐을때 충분히 관수함,토양 표면이 말랐을때 충분히 관수함,토양 표면이 말랐을때 충분히 관수함,토양 표면이 말랐을때 충분히 관수함,"진딧물,응애"
여우꼬리풀,경험자,필요함,"높은 광도(1,500~10,000 Lux)","거실 창측 (실내깊이 150~300cm)
발코니 내측 (실내깊이 50~150cm)
발코니 창측 (실내깊이 0~50cm)",보통,21~25℃,13℃ 이상,40 ~ 70%,,,화분 흙 대부분 말랐을때 충분히 관수함,토양 표면이 말랐을때 충분히 관수함,토양 표면이 말랐을때 충분히 관수함,화분 흙 대부분 말랐을때 충분히 관수함,"진딧물,응애,온실가루이"
엽란,초보자,낮음 (잘 견딤),"낮은 광도(300~800 Lux),중간 광도(800~1,500 Lux),높은 광도(1,500~10,000 Lux)","실내 어두운 곳 (실내깊이 500 이상cm)
거실 내측 (실내깊이 300~500cm)
거실 창측 (실내깊이 150~300cm)
발코니 내측 (실내깊이 50~150cm)
발코니 창측 (실내깊이 0~50cm)",,16~20℃,5℃,40 ~ 70%,비료를 보통 요구함,"포름알데히드, 벤젠",토양 표면이 말랐을때 충분히 관수함,토양 표면이 말랐을때 충분히 관수함,토양 표면이 말랐을때 충분히 관수함,화분 흙 대부분 말랐을때 충분히 관수함,"응애,깍지벌레"
옥살리스(사랑초),경험자,보통 (약간 잘 견딤),"중간 광도(800~1,500 Lux),높은 광도(1,500~10,000 Lux)","거실 창측 (실내깊이 150~300cm)
발코니 내측 (실내깊이 50~150cm)
발코니 창측 (실내깊이 0~50cm)",보통,16~20℃,10℃,40 ~ 70%,비료를 보통 요구함,,토양 표면이 말랐을때 충분히 관수함,토양 표면이 말랐을때 충분히 관수함,토양 표면이 말랐을때 충분히 관수함,화분 흙 대부분 말랐을때 충분히 관수함,"응애,온실가루이"
온시디움,경험자,필요함,"중간 광도(800~1,500 Lux),높은 광도(1,500~10,000 Lux)","거실 창측 (실내깊이 150~300cm)
발코니 내측 (실내깊이 50~150cm)
발코니 창측 (실내깊이 0~50cm)",느림,21~25℃,13℃ 이상,40 ~ 70%,,,화분 흙 대부분 말랐을때 충분히 관수함,토양 표면이 말랐을때 충분히 관수함,화분 흙 대부분 말랐을때 충분히 관수함,화분 흙 대부분 말랐을때 충분히 관수함,"응애,깍지벌레"
왜란,초보자,낮음 (잘 견딤),"중간 광도(800~1,500 Lux),높은 광도(1,500~10,000 Lux)","거실 창측 (실내깊이 150~300cm)
발코니 내측 (실내깊이 50~150cm)
발코니 창측 (실내깊이 0~50cm)",,10~15℃,0℃ 이하,40 ~ 70%,비료를 보통 요구함,,토양 표면이 말랐을때 충분히 관수함,토양 표면이 말랐을때 충분히 관수함,토양 표면이 말랐을때 충분히 관수함,화분 흙 대부분 말랐을때 충분히 관수함,응애
왜성종려죽,경험자,보통 (약간 잘 견딤),"중간 광도(800~1,500 Lux),높은 광도(1,500~10,000 Lux)","거실 내측 (실내깊이 300~500cm)
거실 창측 (실내깊이 150~300cm)
발코니 내측 (실내깊이 50~150cm)
발코니 창측 (실내깊이 0~50cm)",느림,16~20℃,7℃,40 ~ 70%,비료를 보통 요구함,"중성,산성,알칼리성 / 배수 잘 됨 / 타입-Loam, Sand",토양 표면이 말랐을때 충분히 관수함,토양 표면이 말랐을때 충분히 관수함,토양 표면이 말랐을때 충분히 관수함,화분 흙 대부분 말랐을때 충분히 관수함,"응애,깍지벌레"
움벨라타 고무나무,경험자,보통 (약간 잘 견딤),"중간 광도(800~1,500 Lux),높은 광도(1,500~10,000 Lux)","거실 창측 (실내깊이 150~300cm)
발코니 내측 (실내깊이 50~150cm)
발코니 창측 (실내깊이 0~50cm)",,21~25℃,13℃ 이상,40 ~ 70%,비료를 보통 요구함,,,,,,"응애,깍지벌레"
유카,초보자,낮음 (잘 견딤),"중간 광도(800~1,500 Lux),높은 광도(1,500~10,000 Lux)","거실 내측 (실내깊이 300~500cm)
거실 창측 (실내깊이 150~300cm)
발코니 내측 (실내깊이 50~150cm)
발코니 창측 (실내깊이 0~50cm)",,21~25℃,5℃,40 ~ 70%,비료를 보통 요구함,,토양 표면이 말랐을때 충분히 관수함,토양 표면이 말랐을때 충분히 관수함,토양 표면이 말랐을때 충분히 관수함,화분 흙 대부분 말랐을때 충분히 관수함,"응애,깍지벌레"
은사철나무,,보통 (약간 잘 견딤),"중간 광도(800~1,500 Lux),높은 광도(1,500~10,000 Lux)","발코니 내측 (실내깊이 50~150cm)
발코니 창측 (실내깊이 0~50cm)",,16~20℃,0℃ 이하,40 ~ 70%,비료를 보통 요구함,,토양 표면이 말랐을때 충분히 관수함,토양 표면이 말랐을때 충분히 관수함,토양 표면이 말랐을때 충분히 관수함,토양 표면이 말랐을때 충분히 관수함,"응애,깍지벌레"
익소라,경험자,보통 (약간 잘 견딤),"중간 광도(800~1,500 Lux),높은 광도(1,500~10,000 Lux)","거실 창측 (실내깊이 150~300cm)
발코니 내측 (실내깊이 50~150cm)
발코니 창측 (실내깊이 0~50cm)",,21~25℃,13℃ 이상,40 ~ 70%,비료를 보통 요구함,,흙을 촉촉하게 유지함(물에 잠기지 않도록 주의),흙을 촉촉하게 유지함(물에 잠기지 않도록 주의),흙을 촉촉하게 유지함(물에 잠기지 않도록 주의),화분 흙 대부분 말랐을때 충분히 관수함,"응애,깍지벌레"
인삼벤자민,경험자,보통 (약간 잘 견딤),"중간 광도(800~1,500 Lux),높은 광도(1,500~10,000 Lux)","거실 내측 (실내깊이 300~500cm)
거실 창측 (실내깊이 150~300cm)
발코니 내측 (실내깊이 50~150cm)
발코니 창측 (실내깊이 0~50cm)",,21~25℃,13℃ 이상,40 ~ 70%,비료를 보통 요구함,,토양 표면이 말랐을때 충분히 관수함,토양 표면이 말랐을때 충분히 관수함,토양 표면이 말랐을때 충분히 관수함,화분 흙 대부분 말랐을때 충분히 관수함,"응애,깍지벌레"
자금우,초보자,낮음 (잘 견딤),"낮은 광도(300~800 Lux),중간 광도(800~1,500 Lux),높은 광도(1,500~10,000 Lux)","실내 어두운 곳 (실내깊이 500 이상cm)
거실 내측 (실내깊이 300~500cm)
거실 창측 (실내깊이 150~300cm)
발코니 내측 (실내깊이 50~150cm)
발코니 창측 (실내깊이 0~50cm)",,16~20℃,0℃ 이하,40 ~ 70%,비료를 보통 요구함,,토양 표면이 말랐을때 충분히 관수함,토양 표면이 말랐을때 충분히 관수함,토양 표면이 말랐을때 충분히 관수함,화분 흙 대부분 말랐을때 충분히 관수함,"응애,깍지벌레"
자란,초보자,낮음 (잘 견딤),"중간 광도(800~1,500 Lux)","발코니 내측 (실내깊이 50~150cm)
발코니 창측 (실내깊이 0~50cm)",보통,16~20℃,5℃,40 ~ 70%,,,화분 흙 대부분 말랐을때 충분히 관수함,토양 표면이 말랐을때 충분히 관수함,토양 표면이 말랐을때 충분히 관수함,화분 흙 대부분 말랐을때 충분히 관수함,응애
자주색만년초,경험자,보통 (약간 잘 견딤),"중간 광도(800~1,500 Lux),높은 광도(1,500~10,000 Lux)","거실 창측 (실내깊이 150~300cm)
발코니 내측 (실내깊이 50~150cm)
발코니 창측 (실내깊이 0~50cm)",,21~25℃,7℃,40 ~ 70%,비료를 보통 요구함,,토양 표면이 말랐을때 충분히 관수함,토양 표면이 말랐을때 충분히 관수함,토양 표면이 말랐을때 충분히 관수함,화분 흙 대부분 말랐을때 충분히 관수함,응애
접란,초보자,낮음 (잘 견딤),"중간 광도(800~1,500 Lux),높은 광도(1,500~10,000 Lux)","거실 창측 (실내깊이 150~300cm)
발코니 내측 (실내깊이 50~150cm)
발코니 창측 (실내깊이 0~50cm)",,16~20℃,10℃,40 ~ 70%,비료를 보통 요구함,,토양 표면이 말랐을때 충분히 관수함,토양 표면이 말랐을때 충분히 관수함,토양 표면이 말랐을때 충분히 관수함,화분 흙 대부분 말랐을때 충분히 관수함,"응애,온실가루이"
제라니움,초보자,낮음 (잘 견딤),"중간 광도(800~1,500 Lux),높은 광도(1,500~10,000 Lux)","거실 창측 (실내깊이 150~300cm)
발코니 내측 (실내깊이 50~150cm)
발코니 창측 (실내깊이 0~50cm)",보통,21~25℃,10℃,40 ~ 70%,비료를 보통 요구함,,토양 표면이 말랐을때 충분히 관수함,토양 표면이 말랐을때 충분히 관수함,토양 표면이 말랐을때 충분히 관수함,화분 흙 대부분 말랐을때 충분히 관수함,"응애,깍지벌레,온실가루이"
좀마삭줄,경험자,낮음 (잘 견딤),"중간 광도(800~1,500 Lux),높은 광도(1,500~10,000 Lux)","거실 창측 (실내깊이 150~300cm)
발코니 내측 (실내깊이 50~150cm)
발코니 창측 (실내깊이 0~50cm)",,16~20℃,0℃ 이하,40 ~ 70%,비료를 보통 요구함,,흙을 촉촉하게 유지함(물에 잠기지 않도록 주의),흙을 촉촉하게 유지함(물에 잠기지 않도록 주의),흙을 촉촉하게 유지함(물에 잠기지 않도록 주의),토양 표면이 말랐을때 충분히 관수함,"응애,깍지벌레"
종려방동사니,경험자,보통 (약간 잘 견딤),"중간 광도(800~1,500 Lux),높은 광도(1,500~10,000 Lux)","거실 창측 (실내깊이 150~300cm)
발코니 내측 (실내깊이 50~150cm)
발코니 창측 (실내깊이 0~50cm)",,16~20℃,10℃,40 ~ 70%,비료를 보통 요구함,,,,,,"응애,깍지벌레"
종려죽,경험자,보통 (약간 잘 견딤),"중간 광도(800~1,500 Lux),높은 광도(1,500~10,000 Lux)","거실 내측 (실내깊이 300~500cm)
거실 창측 (실내깊이 150~300cm)
발코니 내측 (실내깊이 50~150cm)",,16~20℃,10℃,40 ~ 70%,비료를 보통 요구함,,토양 표면이 말랐을때 충분히 관수함,토양 표면이 말랐을때 충분히 관수함,토양 표면이 말랐을때 충분히 관수함,화분 흙 대부분 말랐을때 충분히 관수함,"응애,깍지벌레"
죽백나무,초보자,낮음 (잘 견딤),"중간 광도(800~1,500 Lux),높은 광도(1,500~10,000 Lux)","거실 창측 (실내깊이 150~300cm)
발코니 내측 (실내깊이 50~150cm)
발코니 창측 (실내깊이 0~50cm)",,16~20℃,10℃,40 ~ 70%,비료를 보통 요구함,,토양 표면이 말랐을때 충분히 관수함,토양 표면이 말랐을때 충분히 관수함,토양 표면이 말랐을때 충분히 관수함,토양 표면이 말랐을때 충분히 관수함,"응애,깍지벌레"
줄리아 페페로미아,경험자,필요함,"중간 광도(800~1,500 Lux),높은 광도(1,500~10,000 Lux)","거실 창측 (실내깊이 150~300cm)
발코니 내측 (실내깊이 50~150cm)
발코니 창측 (실내깊이 0~50cm)",,21~25℃,13℃ 이상,40 ~ 70%,비료를 보통 요구함,,토양 표면이 말랐을때 충분히 관수함,토양 표면이 말랐을때 충분히 관수함,토양 표면이 말랐을때 충분히 관수함,화분 흙 대부분 말랐을때 충분히 관수함,"응애,깍지벌레"
참쇠고비(섬쇠고비),초보자,낮음 (잘 견딤),"낮은 광도(300~800 Lux),중간 광도(800~1,500 Lux),높은 광도(1,500~10,000 Lux)","실내 어두운 곳 (실내깊이 500 이상cm)
거실 내측 (실내깊이 300~500cm)
거실 창측 (실내깊이 150~300cm)
발코니 내측 (실내깊이 50~150cm)
발코니 창측 (실내깊이 0~50cm)",,16~20℃,5℃,70% 이상,비료를 보통 요구함,,흙을 촉촉하게 유지함(물에 잠기지 않도록 주의),흙을 촉촉하게 유지함(물에 잠기지 않도록 주의),흙을 촉촉하게 유지함(물에 잠기지 않도록 주의),토양 표면이 말랐을때 충분히 관수함,"응애,깍지벌레"
치자나무,초보자,낮음 (잘 견딤),"중간 광도(800~1,500 Lux),높은 광도(1,500~10,000 Lux)","발코니 내측 (실내깊이 50~150cm)
발코니 창측 (실내깊이 0~50cm)",보통,21~25℃,5℃,40 ~ 70%,,,화분 흙 대부분 말랐을때 충분히 관수함,토양 표면이 말랐을때 충분히 관수함,토양 표면이 말랐을때 충분히 관수함,화분 흙 대부분 말랐을때 충분히 관수함,깍지벌레
칼라데아 마코야나,경험자,필요함,"중간 광도(800~1,500 Lux),높은 광도(1,500~10,000 Lux)","거실 창측 (실내깊이 150~300cm)
발코니 내측 (실내깊이 50~150cm)",,21~25℃,13℃ 이상,40 ~ 70%,비료를 보통 요구함,,토양 표면이 말랐을때 충분히 관수함,토양 표면이 말랐을때 충분히 관수함,토양 표면이 말랐을때 충분히 관수함,화분 흙 대부분 말랐을때 충분히 관수함,"응애,깍지벌레"
칼라데아 인시그니스,경험자,필요함,"중간 광도(800~1,500 Lux),높은 광도(1,500~10,000 Lux)","거실 창측 (실내깊이 150~300cm)
발코니 내측 (실내깊이 50~150cm)",보통,21~25℃,13℃ 이상,40 ~ 70%,비료를 보통 요구함,,토양 표면이 말랐을때 충분히 관수함,토양 표면이 말랐을때 충분히 관수함,토양 표면이 말랐을때 충분히 관수함,화분 흙 대부분 말랐을때 충분히 관수함,"응애,깍지벌레"
칼라데아 크로카타,,필요함,"중간 광도(800~1,500 Lux),높은 광도(1,500~10,000 Lux)","거실 창측 (실내깊이 150~300cm)
발코니 내측 (실내깊이 50~150cm)",,21~25℃,13℃ 이상,40 ~ 70%,비료를 보통 요구함,,토양 표면이 말랐을때 충분히 관수함,토양 표면이 말랐을때 충분히 관수함,토양 표면이 말랐을때 충분히 관수함,화분 흙 대부분 말랐을때 충분히 관수함,"응애,깍지벌레"
칼라디움,전문가,특별 관리 요구,"중간 광도(800~1,500 Lux),높은 광도(1,500~10,000 Lux)","거실 창측 (실내깊이 150~300cm)
발코니 내측 (실내깊이 50~150cm)",보통,21~25℃,13℃ 이상,40 ~ 70%,비료를 보통 요구함,,토양 표면이 말랐을때 충분히 관수함,토양 표면이 말랐을때 충분히 관수함,토양 표면이 말랐을때 충분히 관수함,화분 흙 대부분 말랐을때 충분히 관수함,"응애,온실가루이"
칼랑코에,초보자,필요함,"중간 광도(800~1,500 Lux),높은 광도(1,500~10,000 Lux)","거실 창측 (실내깊이 150~300cm)
발코니 내측 (실내깊이 50~150cm)
발코니 창측 (실내깊이 0~50cm)",,16~20℃,13℃ 이상,40 ~ 70%,비료를 보통 요구함,"포름알데히드, 자일렌",토양 표면이 말랐을때 충분히 관수함,토양 표면이 말랐을때 충분히 관수함,토양 표면이 말랐을때 충분히 관수함,화분 흙 대부분 말랐을때 충분히 관수함,"응애,깍지벌레"
커피나무,경험자,필요함,"높은 광도(1,500~10,000 Lux)","거실 창측 (실내깊이 150~300cm)
발코니 내측 (실내깊이 50~150cm)
발코니 창측 (실내깊이 0~50cm)",보통,21~25℃,13℃ 이상,40 ~ 70%,비료를 보통 요구함,,토양 표면이 말랐을때 충분히 관수함,토양 표면이 말랐을때 충분히 관수함,토양 표면이 말랐을때 충분히 관수함,화분 흙 대부분 말랐을때 충분히 관수함,"응애,깍지벌레,온실가루이"
켄챠야자,경험자,필요함,"중간 광도(800~1,500 Lux),높은 광도(1,500~10,000 Lux)","거실 내측 (실내깊이 300~500cm)
거실 창측 (실내깊이 150~300cm)
발코니 내측 (실내깊이 50~150cm)
발코니 창측 (실내깊이 0~50cm)",,21~25℃,13℃ 이상,40 ~ 70%,비료를 보통 요구함,"포름알데히드, 벤젠, 톨루엔, 자일렌, 트리클로로 에틸렌",토양 표면이 말랐을때 충분히 관수함,토양 표면이 말랐을때 충분히 관수함,토양 표면이 말랐을때 충분히 관수함,토양 표면이 말랐을때 충분히 관수함,"응애,깍지벌레"
코르딜리네 레드에지,경험자,필요함,"중간 광도(800~1,500 Lux),높은 광도(1,500~10,000 Lux)","거실 창측 (실내깊이 150~300cm)
발코니 내측 (실내깊이 50~150cm)
발코니 창측 (실내깊이 0~50cm)",,21~25℃,13℃ 이상,40 ~ 70%,비료를 보통 요구함,,흙을 촉촉하게 유지함(물에 잠기지 않도록 주의),흙을 촉촉하게 유지함(물에 잠기지 않도록 주의),흙을 촉촉하게 유지함(물에 잠기지 않도록 주의),토양 표면이 말랐을때 충분히 관수함,"응애,깍지벌레"
크로톤,경험자,필요함,"중간 광도(800~1,500 Lux),높은 광도(1,500~10,000 Lux)","거실 창측 (실내깊이 150~300cm)
발코니 내측 (실내깊이 50~150cm)
발코니 창측 (실내깊이 0~50cm)",보통,21~25℃,13℃ 이상,40 ~ 70%,비료를 보통 요구함,,토양 표면이 말랐을때 충분히 관수함,토양 표면이 말랐을때 충분히 관수함,토양 표면이 말랐을때 충분히 관수함,화분 흙 대부분 말랐을때 충분히 관수함,"응애,깍지벌레"
크로톤,경험자,필요함,"중간 광도(800~1,500 Lux),높은 광도(1,500~10,000 Lux)","거실 창측 (실내깊이 150~300cm)
발코니 내측 (실내깊이 50~150cm)
발코니 창측 (실내깊이 0~50cm)",,21~25℃,13℃ 이상,40 ~ 70%,비료를 보통 요구함,,토양 표면이 말랐을때 충분히 관수함,토양 표면이 말랐을때 충분히 관수함,토양 표면이 말랐을때 충분히 관수함,화분 흙 대부분 말랐을때 충분히 관수함,"응애,깍지벌레"
크립탄서스,,필요함,"중간 광도(800~1,500 Lux),높은 광도(1,500~10,000 Lux)","거실 창측 (실내깊이 150~300cm)
발코니 내측 (실내깊이 50~150cm)
발코니 창측 (실내깊이 0~50cm)",,21~25℃,13℃ 이상,40 ~ 70%,비료를 보통 요구함,,토양 표면이 말랐을때 충분히 관수함,토양 표면이 말랐을때 충분히 관수함,토양 표면이 말랐을때 충분히 관수함,토양 표면이 말랐을때 충분히 관수함,
클레마티스,경험자,낮음 (잘 견딤),"높은 광도(1,500~10,000 Lux)",발코니 창측 (실내깊이 0~50cm),빠름,21~25℃,0℃ 이하,,2주 1회 정도 복합비료 필요,,흙을 촉촉하게 유지함(물에 잠기지 않도록 주의),흙을 촉촉하게 유지함(물에 잠기지 않도록 주의),흙을 촉촉하게 유지함(물에 잠기지 않도록 주의),토양 표면이 말랐을때 충분히 관수함,"응애,온실가루이"
털달개비,경험자,보통 (약간 잘 견딤),"높은 광도(1,500~10,000 Lux)","거실 창측 (실내깊이 150~300cm)
발코니 내측 (실내깊이 50~150cm)
발코니 창측 (실내깊이 0~50cm)",느림,21~25℃,13℃ 이상,40 ~ 70%,,,화분 흙 대부분 말랐을때 충분히 관수함,토양 표면이 말랐을때 충분히 관수함,토양 표면이 말랐을때 충분히 관수함,화분 흙 대부분 말랐을때 충분히 관수함,응애
털머위,,보통 (약간 잘 견딤),"낮은 광도(300~800 Lux),중간 광도(800~1,500 Lux),높은 광도(1,500~10,000 Lux)","거실 창측 (실내깊이 150~300cm)
발코니 내측 (실내깊이 50~150cm)
발코니 창측 (실내깊이 0~50cm)",,16~20℃,5℃,40 ~ 70%,비료를 보통 요구함,,토양 표면이 말랐을때 충분히 관수함,토양 표면이 말랐을때 충분히 관수함,토양 표면이 말랐을때 충분히 관수함,토양 표면이 말랐을때 충분히 관수함,"응애,깍지벌레,온실가루이"
테이블야자,초보자,보통 (약간 잘 견딤),"중간 광도(800~1,500 Lux),높은 광도(1,500~10,000 Lux)","실내 어두운 곳 (실내깊이 500 이상cm)
거실 내측 (실내깊이 300~500cm)
거실 창측 (실내깊이 150~300cm)
발코니 내측 (실내깊이 50~150cm)
발코니 창측 (실내깊이 0~50cm)",보통,21~25℃,13℃ 이상,40 ~ 70%,비료를 보통 요구함,"포름알데히드, 벤젠, 톨루엔, 트리클로로 에틸렌, 암모니아",흙을 촉촉하게 유지함(물에 잠기지 않도록 주의),흙을 촉촉하게 유지함(물에 잠기지 않도록 주의),흙을 촉촉하게 유지함(물에 잠기지 않도록 주의),화분 흙 대부분 말랐을때 충분히 관수함,"응애,깍지벌레"
톨미아,경험자,필요함,"중간 광도(800~1,500 Lux),높은 광도(1,500~10,000 Lux)","거실 내측 (실내깊이 300~500cm)
거실 창측 (실내깊이 150~300cm)
발코니 내측 (실내깊이 50~150cm)
발코니 창측 (실내깊이 0~50cm)",,21~25℃,10℃,40 ~ 70%,비료를 보통 요구함,,,,,,"진딧물,응애,온실가루이"
틸란드시아,경험자,필요함,"중간 광도(800~1,500 Lux),높은 광도(1,500~10,000 Lux)","거실 창측 (실내깊이 150~300cm)
발코니 내측 (실내깊이 50~150cm)",느림,21~25℃,10℃,40 ~ 70%,비료를 보통 요구함,,토양 표면이 말랐을때 충분히 관수함,토양 표면이 말랐을때 충분히 관수함,토양 표면이 말랐을때 충분히 관수함,화분 흙 대부분 말랐을때 충분히 관수함,응애
파키라,경험자,필요함,"중간 광도(800~1,500 Lux),높은 광도(1,500~10,000 Lux)","거실 내측 (실내깊이 300~500cm)
거실 창측 (실내깊이 150~300cm)
발코니 내측 (실내깊이 50~150cm)",,21~25℃,13℃ 이상,40 ~ 70%,비료를 보통 요구함,,토양 표면이 말랐을때 충분히 관수함,토양 표면이 말랐을때 충분히 관수함,토양 표면이 말랐을때 충분히 관수함,화분 흙 대부분 말랐을때 충분히 관수함,"응애,깍지벌레"
파피오페딜럼,전문가,필요함,"중간 광도(800~1,500 Lux)","거실 창측 (실내깊이 150~300cm)
발코니 내측 (실내깊이 50~150cm)
발코니 창측 (실내깊이 0~50cm)",느림,21~25℃,10℃,70% 이상,,,화분 흙 대부분 말랐을때 충분히 관수함,토양 표면이 말랐을때 충분히 관수함,토양 표면이 말랐을때 충분히 관수함,화분 흙 대부분 말랐을때 충분히 관수함,깍지벌레
팔레놉시스(호접란),전문가,특별 관리 요구,"중간 광도(800~1,500 Lux),높은 광도(1,500~10,000 Lux)","거실 내측 (실내깊이 300~500cm)
거실 창측 (실내깊이 150~300cm)
발코니 내측 (실내깊이 50~150cm)
발코니 창측 (실내깊이 0~50cm)",느림,21~25℃,13℃ 이상,40 ~ 70%,비료를 보통 요구함,,토양 표면이 말랐을때 충분히 관수함,토양 표면이 말랐을때 충분히 관수함,토양 표면이 말랐을때 충분히 관수함,화분 흙 대부분 말랐을때 충분히 관수함,깍지벌레
팔손이나무,초보자,낮음 (잘 견딤),"중간 광도(800~1,500 Lux),높은 광도(1,500~10,000 Lux)","거실 내측 (실내깊이 300~500cm)
거실 창측 (실내깊이 150~300cm)
발코니 내측 (실내깊이 50~150cm)
발코니 창측 (실내깊이 0~50cm)",보통,16~20℃,5℃,40 ~ 70%,비료를 보통 요구함,,토양 표면이 말랐을때 충분히 관수함,토양 표면이 말랐을때 충분히 관수함,토양 표면이 말랐을때 충분히 관수함,화분 흙 대부분 말랐을때 충분히 관수함,"응애,깍지벌레"
팬더 고무나무,경험자,보통 (약간 잘 견딤),"중간 광도(800~1,500 Lux),높은 광도(1,500~10,000 Lux)","거실 창측 (실내깊이 150~300cm)
발코니 내측 (실내깊이 50~150cm)
발코니 창측 (실내깊이 0~50cm)",보통,21~25℃,13℃ 이상,40 ~ 70%,비료를 보통 요구함,,토양 표면이 말랐을때 충분히 관수함,토양 표면이 말랐을때 충분히 관수함,토양 표면이 말랐을때 충분히 관수함,화분 흙 대부분 말랐을때 충분히 관수함,"응애,깍지벌레"
팻츠헤데라,초보자,보통 (약간 잘 견딤),"중간 광도(800~1,500 Lux),높은 광도(1,500~10,000 Lux)","거실 창측 (실내깊이 150~300cm)
발코니 내측 (실내깊이 50~150cm)
발코니 창측 (실내깊이 0~50cm)",,16~20℃,10℃,40 ~ 70%,비료를 보통 요구함,,토양 표면이 말랐을때 충분히 관수함,토양 표면이 말랐을때 충분히 관수함,토양 표면이 말랐을때 충분히 관수함,토양 표면이 말랐을때 충분히 관수함,"응애,깍지벌레"
페페로미아 오브투시폴리아,경험자,보통 (약간 잘 견딤),"중간 광도(800~1,500 Lux),높은 광도(1,500~10,000 Lux)","거실 내측 (실내깊이 300~500cm)
거실 창측 (실내깊이 150~300cm)
발코니 내측 (실내깊이 50~150cm)",,21~25℃,13℃ 이상,40 ~ 70%,비료를 보통 요구함,,토양 표면이 말랐을때 충분히 관수함,토양 표면이 말랐을때 충분히 관수함,토양 표면이 말랐을때 충분히 관수함,화분 흙 대부분 말랐을때 충분히 관수함,"응애,깍지벌레"
페페로미아 클루시폴리아,경험자,보통 (약간 잘 견딤),"중간 광도(800~1,500 Lux),높은 광도(1,500~10,000 Lux)","거실 내측 (실내깊이 300~500cm)
거실 창측 (실내깊이 150~300cm)
발코니 내측 (실내깊이 50~150cm)",,21~25℃,13℃ 이상,40 ~ 70%,비료를 보통 요구함,,토양 표면이 말랐을때 충분히 관수함,토양 표면이 말랐을때 충분히 관수함,토양 표면이 말랐을때 충분히 관수함,화분 흙 대부분 말랐을때 충분히 관수함,"응애,깍지벌레"
페페로미아 푸테올라타,경험자,필요함,"중간 광도(800~1,500 Lux),높은 광도(1,500~10,000 Lux)","거실 내측 (실내깊이 300~500cm)
거실 창측 (실내깊이 150~300cm)
발코니 내측 (실내깊이 50~150cm)
발코니 창측 (실내깊이 0~50cm)",,21~25℃,13℃ 이상,40 ~ 70%,비료를 보통 요구함,,토양 표면이 말랐을때 충분히 관수함,토양 표면이 말랐을때 충분히 관수함,토양 표면이 말랐을때 충분히 관수함,화분 흙 대부분 말랐을때 충분히 관수함,"응애,깍지벌레"
포인세티아,경험자,필요함,"높은 광도(1,500~10,000 Lux)","거실 창측 (실내깊이 150~300cm)
발코니 내측 (실내깊이 50~150cm)
발코니 창측 (실내깊이 0~50cm)",,21~25℃,13℃ 이상,40 ~ 70%,비료를 보통 요구함,,흙을 촉촉하게 유지함(물에 잠기지 않도록 주의),흙을 촉촉하게 유지함(물에 잠기지 않도록 주의),흙을 촉촉하게 유지함(물에 잠기지 않도록 주의),토양 표면이 말랐을때 충분히 관수함,"응애,깍지벌레,온실가루이"
폴리시아스,경험자,필요함,"중간 광도(800~1,500 Lux),높은 광도(1,500~10,000 Lux)","거실 내측 (실내깊이 300~500cm)
거실 창측 (실내깊이 150~300cm)
발코니 내측 (실내깊이 50~150cm)",,21~25℃,13℃ 이상,40 ~ 70%,비료를 보통 요구함,,토양 표면이 말랐을때 충분히 관수함,토양 표면이 말랐을때 충분히 관수함,토양 표면이 말랐을때 충분히 관수함,화분 흙 대부분 말랐을때 충분히 관수함,"응애,깍지벌레"
푸밀라고무나무,,필요함,"중간 광도(800~1,500 Lux),높은 광도(1,500~10,000 Lux)","거실 창측 (실내깊이 150~300cm)
발코니 내측 (실내깊이 50~150cm)
발코니 창측 (실내깊이 0~50cm)",,21~25℃,10℃,40 ~ 70%,비료를 보통 요구함,,흙을 촉촉하게 유지함(물에 잠기지 않도록 주의),흙을 촉촉하게 유지함(물에 잠기지 않도록 주의),흙을 촉촉하게 유지함(물에 잠기지 않도록 주의),토양 표면이 말랐을때 충분히 관수함,"응애,깍지벌레,온실가루이"
프테리스,초보자,보통 (약간 잘 견딤),"낮은 광도(300~800 Lux),중간 광도(800~1,500 Lux),높은 광도(1,500~10,000 Lux)","실내 어두운 곳 (실내깊이 500 이상cm)
거실 내측 (실내깊이 300~500cm)
거실 창측 (실내깊이 150~300cm)
발코니 내측 (실내깊이 50~150cm)
발코니 창측 (실내깊이 0~50cm)",,21~25℃,5℃,70% 이상,비료를 보통 요구함,,흙을 촉촉하게 유지함(물에 잠기지 않도록 주의),흙을 촉촉하게 유지함(물에 잠기지 않도록 주의),흙을 촉촉하게 유지함(물에 잠기지 않도록 주의),토양 표면이 말랐을때 충분히 관수함,"응애,깍지벌레"
피라칸사,경험자,낮음 (잘 견딤),"높은 광도(1,500~10,000 Lux)","발코니 내측 (실내깊이 50~150cm)
발코니 창측 (실내깊이 0~50cm)",빠름,16~20℃,0℃ 이하,40 ~ 70%,비료를 보통 요구함,,흙을 촉촉하게 유지함(물에 잠기지 않도록 주의),흙을 촉촉하게 유지함(물에 잠기지 않도록 주의),토양 표면이 말랐을때 충분히 관수함,화분 흙 대부분 말랐을때 충분히 관수함,"응애,깍지벌레"
피토니아 핑크스타,경험자,특별 관리 요구,"중간 광도(800~1,500 Lux),높은 광도(1,500~10,000 Lux)","거실 내측 (실내깊이 300~500cm)
거실 창측 (실내깊이 150~300cm)
발코니 내측 (실내깊이 50~150cm)",보통,21~25℃,13℃ 이상,40 ~ 70%,비료를 보통 요구함,,토양 표면이 말랐을때 충분히 관수함,토양 표면이 말랐을때 충분히 관수함,토양 표면이 말랐을때 충분히 관수함,화분 흙 대부분 말랐을때 충분히 관수함,"응애,온실가루이"
피토니아 화이트스타,경험자,필요함,"중간 광도(800~1,500 Lux),높은 광도(1,500~10,000 Lux)","거실 내측 (실내깊이 300~500cm)
거실 창측 (실내깊이 150~300cm)
발코니 내측 (실내깊이 50~150cm)",,21~25℃,13℃ 이상,40 ~ 70%,비료를 보통 요구함,,토양 표면이 말랐을때 충분히 관수함,토양 표면이 말랐을때 충분히 관수함,토양 표면이 말랐을때 충분히 관수함,화분 흙 대부분 말랐을때 충분히 관수함,"응애,온실가루이"
픽투라툼 접란,초보자,보통 (약간 잘 견딤),"중간 광도(800~1,500 Lux),높은 광도(1,500~10,000 Lux)","거실 창측 (실내깊이 150~300cm)
발코니 내측 (실내깊이 50~150cm)
발코니 창측 (실내깊이 0~50cm)",보통,21~25℃,13℃ 이상,40 ~ 70%,비료를 보통 요구함,,토양 표면이 말랐을때 충분히 관수함,토양 표면이 말랐을때 충분히 관수함,토양 표면이 말랐을때 충분히 관수함,화분 흙 대부분 말랐을때 충분히 관수함,"응애,깍지벌레"
"필레아 글라우카(타라, 블루체인)",초보자,보통 (약간 잘 견딤),"중간 광도(800~1,500 Lux),높은 광도(1,500~10,000 Lux)","거실 내측 (실내깊이 300~500cm)
거실 창측 (실내깊이 150~300cm)
발코니 내측 (실내깊이 50~150cm)
발코니 창측 (실내깊이 0~50cm)",보통,21~25℃,13℃ 이상,40 ~ 70%,비료를 보통 요구함,,토양 표면이 말랐을때 충분히 관수함,토양 표면이 말랐을때 충분히 관수함,토양 표면이 말랐을때 충분히 관수함,화분 흙 대부분 말랐을때 충분히 관수함,"응애,깍지벌레"
필로덴드론 '선라이트',경험자,필요함,"중간 광도(800~1,500 Lux),높은 광도(1,500~10,000 Lux)","거실 내측 (실내깊이 300~500cm)
거실 창측 (실내깊이 150~300cm)
발코니 내측 (실내깊이 50~150cm)
발코니 창측 (실내깊이 0~50cm)",빠름,21~25℃,13℃ 이상,40 ~ 70%,비료를 보통 요구함,,토양 표면이 말랐을때 충분히 관수함,토양 표면이 말랐을때 충분히 관수함,토양 표면이 말랐을때 충분히 관수함,화분 흙 대부분 말랐을때 충분히 관수함,"응애,깍지벌레"
필로덴드론 '제나두',경험자,보통 (약간 잘 견딤),"중간 광도(800~1,500 Lux),높은 광도(1,500~10,000 Lux)","거실 내측 (실내깊이 300~500cm)
거실 창측 (실내깊이 150~300cm)
발코니 내측 (실내깊이 50~150cm)",,21~25℃,13℃ 이상,40 ~ 70%,비료를 보통 요구함,,토양 표면이 말랐을때 충분히 관수함,토양 표면이 말랐을때 충분히 관수함,토양 표면이 말랐을때 충분히 관수함,화분 흙 대부분 말랐을때 충분히 관수함,"응애,깍지벌레"
필로덴드론 고엘디,경험자,필요함,"중간 광도(800~1,500 Lux),높은 광도(1,500~10,000 Lux)","거실 내측 (실내깊이 300~500cm)
거실 창측 (실내깊이 150~300cm)
발코니 내측 (실내깊이 50~150cm)",보통,21~25℃,13℃ 이상,40 ~ 70%,비료를 보통 요구함,,토양 표면이 말랐을때 충분히 관수함,토양 표면이 말랐을때 충분히 관수함,토양 표면이 말랐을때 충분히 관수함,화분 흙 대부분 말랐을때 충분히 관수함,"응애,깍지벌레"
필로덴드론 레몬라임,경험자,필요함,"중간 광도(800~1,500 Lux),높은 광도(1,500~10,000 Lux)","거실 창측 (실내깊이 150~300cm)
발코니 내측 (실내깊이 50~150cm)
발코니 창측 (실내깊이 0~50cm)",,21~25℃,13℃ 이상,40 ~ 70%,비료를 보통 요구함,,토양 표면이 말랐을때 충분히 관수함,토양 표면이 말랐을때 충분히 관수함,토양 표면이 말랐을때 충분히 관수함,화분 흙 대부분 말랐을때 충분히 관수함,"응애,깍지벌레"
필로덴드론 셀로움,경험자,필요함,"중간 광도(800~1,500 Lux),높은 광도(1,500~10,000 Lux)","거실 내측 (실내깊이 300~500cm)
거실 창측 (실내깊이 150~300cm)
발코니 내측 (실내깊이 50~150cm)",,21~25℃,13℃ 이상,40 ~ 70%,비료를 보통 요구함,,토양 표면이 말랐을때 충분히 관수함,토양 표면이 말랐을때 충분히 관수함,토양 표면이 말랐을때 충분히 관수함,화분 흙 대부분 말랐을때 충분히 관수함,"응애,깍지벌레"
필로덴드론 옥시카르디움,경험자,보통 (약간 잘 견딤),"중간 광도(800~1,500 Lux),높은 광도(1,500~10,000 Lux)","실내 어두운 곳 (실내깊이 500 이상cm)
거실 내측 (실내깊이 300~500cm)
거실 창측 (실내깊이 150~300cm)
발코니 내측 (실내깊이 50~150cm)",,21~25℃,13℃ 이상,40 ~ 70%,비료를 보통 요구함,,토양 표면이 말랐을때 충분히 관수함,토양 표면이 말랐을때 충분히 관수함,토양 표면이 말랐을때 충분히 관수함,화분 흙 대부분 말랐을때 충분히 관수함,"응애,깍지벌레"
필로덴드론 콩고,경험자,필요함,"중간 광도(800~1,500 Lux),높은 광도(1,500~10,000 Lux)","거실 내측 (실내깊이 300~500cm)
거실 창측 (실내깊이 150~300cm)
발코니 내측 (실내깊이 50~150cm)",,21~25℃,13℃ 이상,40 ~ 70%,비료를 보통 요구함,,토양 표면이 말랐을때 충분히 관수함,토양 표면이 말랐을때 충분히 관수함,토양 표면이 말랐을때 충분히 관수함,화분 흙 대부분 말랐을때 충분히 관수함,"응애,깍지벌레"
해마리아,전문가,보통 (약간 잘 견딤),"낮은 광도(300~800 Lux),중간 광도(800~1,500 Lux),높은 광도(1,500~10,000 Lux)","실내 어두운 곳 (실내깊이 500 이상cm)
거실 내측 (실내깊이 300~500cm)
거실 창측 (실내깊이 150~300cm)
발코니 내측 (실내깊이 50~150cm)
발코니 창측 (실내깊이 0~50cm)",느림,21~25℃,13℃ 이상,40 ~ 70%,비료를 보통 요구함,,흙을 촉촉하게 유지함(물에 잠기지 않도록 주의),흙을 촉촉하게 유지함(물에 잠기지 않도록 주의),흙을 촉촉하게 유지함(물에 잠기지 않도록 주의),화분 흙 대부분 말랐을때 충분히 관수함,응애
행운목,초보자,낮음 (잘 견딤),"중간 광도(800~1,500 Lux),높은 광도(1,500~10,000 Lux)","거실 내측 (실내깊이 300~500cm)
거실 창측 (실내깊이 150~300cm)
발코니 내측 (실내깊이 50~150cm)",보통,21~25℃,13℃ 이상,40 ~ 70%,비료를 보통 요구함,,흙을 촉촉하게 유지함(물에 잠기지 않도록 주의),흙을 촉촉하게 유지함(물에 잠기지 않도록 주의),흙을 촉촉하게 유지함(물에 잠기지 않도록 주의),토양 표면이 말랐을때 충분히 관수함,"응애,깍지벌레"
헤미오니티스(하트펀),경험자,필요함,"중간 광도(800~1,500 Lux),높은 광도(1,500~10,000 Lux)","거실 내측 (실내깊이 300~500cm)
거실 창측 (실내깊이 150~300cm)
발코니 내측 (실내깊이 50~150cm)",,21~25℃,13℃ 이상,70% 이상,비료를 보통 요구함,,흙을 촉촉하게 유지함(물에 잠기지 않도록 주의),흙을 촉촉하게 유지함(물에 잠기지 않도록 주의),흙을 촉촉하게 유지함(물에 잠기지 않도록 주의),토양 표면이 말랐을때 충분히 관수함,응애
헤테로파낙스 프라그란스 (해피트리),경험자,필요함,"중간 광도(800~1,500 Lux),높은 광도(1,500~10,000 Lux)","거실 창측 (실내깊이 150~300cm)
발코니 내측 (실내깊이 50~150cm)
발코니 창측 (실내깊이 0~50cm)",,21~25℃,13℃ 이상,40 ~ 70%,비료를 보통 요구함,,토양 표면이 말랐을때 충분히 관수함,토양 표면이 말랐을때 충분히 관수함,토양 표면이 말랐을때 충분히 관수함,화분 흙 대부분 말랐을때 충분히 관수함,"응애,깍지벌레"
협죽도,초보자,낮음 (잘 견딤),"높은 광도(1,500~10,000 Lux)","발코니 내측 (실내깊이 50~150cm)
발코니 창측 (실내깊이 0~50cm)",빠름,21~25℃,7℃,40 ~ 70%,,,토양 표면이 말랐을때 충분히 관수함,흙을 촉촉하게 유지함(물에 잠기지 않도록 주의),토양 표면이 말랐을때 충분히 관수함,화분 흙 대부분 말랐을때 충분히 관수함,"응애,깍지벌레"
형광스킨답서스,경험자,보통 (약간 잘 견딤),"중간 광도(800~1,500 Lux),높은 광도(1,500~10,000 Lux)","거실 내측 (실내깊이 300~500cm)
거실 창측 (실내깊이 150~300cm)
발코니 내측 (실내깊이 50~150cm)",빠름,21~25℃,13℃ 이상,40 ~ 70%,비료를 보통 요구함,,토양 표면이 말랐을때 충분히 관수함,토양 표면이 말랐을때 충분히 관수함,토양 표면이 말랐을때 충분히 관수함,화분 흙 대부분 말랐을때 충분히 관수함,"응애,깍지벌레"
호야,경험자,보통 (약간 잘 견딤),"중간 광도(800~1,500 Lux),높은 광도(1,500~10,000 Lux)","거실 창측 (실내깊이 150~300cm)
발코니 내측 (실내깊이 50~150cm)
발코니 창측 (실내깊이 0~50cm)",,21~25℃,13℃ 이상,40 ~ 70%,비료를 보통 요구함,,토양 표면이 말랐을때 충분히 관수함,토양 표면이 말랐을때 충분히 관수함,토양 표면이 말랐을때 충분히 관수함,화분 흙 대부분 말랐을때 충분히 관수함,"응애,깍지벌레"
호야 엑소티카,경험자,보통 (약간 잘 견딤),"중간 광도(800~1,500 Lux),높은 광도(1,500~10,000 Lux)","거실 창측 (실내깊이 150~300cm)
발코니 내측 (실내깊이 50~150cm)
발코니 창측 (실내깊이 0~50cm)",,21~25℃,13℃ 이상,40 ~ 70%,비료를 보통 요구함,,,,,,"응애,깍지벌레"
호주매,경험자,필요함,"높은 광도(1,500~10,000 Lux)","거실 창측 (실내깊이 150~300cm)
발코니 내측 (실내깊이 50~150cm)
발코니 창측 (실내깊이 0~50cm)",보통,21~25℃,13℃ 이상,40 ~ 70%,,,화분 흙 대부분 말랐을때 충분히 관수함,토양 표면이 말랐을때 충분히 관수함,토양 표면이 말랐을때 충분히 관수함,화분 흙 대부분 말랐을때 충분히 관수함,"응애,깍지벌레"
홀리아페페로미아,경험자,필요함,"중간 광도(800~1,500 Lux),높은 광도(1,500~10,000 Lux)","거실 내측 (실내깊이 300~500cm)
거실 창측 (실내깊이 150~300cm)
발코니 내측 (실내깊이 50~150cm)",,21~25℃,13℃ 이상,40 ~ 70%,비료를 보통 요구함,,,,,,"응애,깍지벌레"
황금마삭줄,초보자,보통 (약간 잘 견딤),"중간 광도(800~1,500 Lux),높은 광도(1,500~10,000 Lux)","거실 창측 (실내깊이 150~300cm)
발코니 내측 (실내깊이 50~150cm)
발코니 창측 (실내깊이 0~50cm)",,16~20℃,5℃,40 ~ 70%,비료를 보통 요구함,,토양 표면이 말랐을때 충분히 관수함,토양 표면이 말랐을때 충분히 관수함,토양 표면이 말랐을때 충분히 관수함,화분 흙 대부분 말랐을때 충분히 관수함,"응애,깍지벌레"
황금죽,경험자,필요함,"중간 광도(800~1,500 Lux),높은 광도(1,500~10,000 Lux)","거실 내측 (실내깊이 300~500cm)
거실 창측 (실내깊이 150~300cm)
발코니 내측 (실내깊이 50~150cm)",,16~20℃,13℃ 이상,40 ~ 70%,비료를 보통 요구함,"포름알데히드, 벤젠, 톨루엔, 자일렌, 트리클로로 에틸렌",토양 표면이 말랐을때 충분히 관수함,토양 표면이 말랐을때 충분히 관수함,토양 표면이 말랐을때 충분히 관수함,토양 표면이 말랐을때 충분히 관수함,"응애,깍지벌레"
후피향나무,초보자,낮음 (잘 견딤),"높은 광도(1,500~10,000 Lux)","발코니 내측 (실내깊이 50~150cm)
발코니 창측 (실내깊이 0~50cm)",보통,16~20℃,0℃ 이하,40 ~ 70%,비료를 보통 요구함,,토양 표면이 말랐을때 충분히 관수함,토양 표면이 말랐을때 충분히 관수함,토양 표면이 말랐을때 충분히 관수함,화분 흙 대부분 말랐을때 충분히 관수함,"응애,깍지벌레"
흰꽃나도사프란,초보자,낮음 (잘 견딤),"높은 광도(1,500~10,000 Lux)","발코니 내측 (실내깊이 50~150cm)
발코니 창측 (실내깊이 0~50cm)",보통,21~25℃,5℃,40 ~ 70%,,,화분 흙 대부분 말랐을때 충분히 관수함,토양 표면이 말랐을때 충분히 관수함,토양 표면이 말랐을때 충분히 관수함,화분 흙 대부분 말랐을때 충분히 관수함,응애
흰줄무늬달개비(트라데스칸티아),초보자,보통 (약간 잘 견딤),"중간 광도(800~1,500 Lux),높은 광도(1,500~10,000 Lux)","거실 창측 (실내깊이 150~300cm)
발코니 내측 (실내깊이 50~150cm)
발코니 창측 (실내깊이 0~50cm)",,21~25℃,13℃ 이상,40 ~ 70%,비료를 보통 요구함,,토양 표면이 말랐을때 충분히 관수함,토양 표면이 말랐을때 충분히 관수함,토양 표면이 말랐을때 충분히 관수함,토양 표면이 말랐을때 충분히 관수함,응애
히포에스테스,초보자,보통 (약간 잘 견딤),"중간 광도(800~1,500 Lux),높은 광도(1,500~10,000 Lux)","거실 창측 (실내깊이 150~300cm)
발코니 내측 (실내깊이 50~150cm)
발코니 창측 (실내깊이 0~50cm)",보통,21~25℃,13℃ 이상,40 ~ 70%,비료를 보통 요구함,,흙을 촉촉하게 유지함(물에 잠기지 않도록 주의),흙을 촉촉하게 유지함(물에 잠기지 않도록 주의),흙을 촉촉하게 유지함(물에 잠기지 않도록 주의),토양 표면이 말랐을때 충분히 관수함,"응애,온실가루이"
